EmployeeNumber,Age,BusinessTravel,StartYear,Department,Education,EducationField,Gender,HourlyRate,JobSatisfaction,MaritalStatus,MonthlyIncome,PercentSalaryHike,PerformanceRating,TotalWorkingYears,Tenure,Attrition
1,41,Travel_Rarely,2019,Sales,2,Life Sciences,Female,94,4,Single,5993,11,3,8,6,1
2,49,Travel_Frequently,2023,Research & Development,1,Life Sciences,Male,61,2,Married,5130,23,4,10,10,0
4,37,Travel_Rarely,2018,Research & Development,2,Other,Male,92,3,Single,2090,15,3,7,0,1
5,33,Travel_Frequently,2021,Research & Development,4,Life Sciences,Female,56,3,Married,2909,11,3,8,8,0
7,27,Travel_Rarely,2019,Research & Development,1,Medical,Male,40,2,Married,3468,12,3,6,2,0
8,32,Travel_Frequently,2020,Research & Development,2,Life Sciences,Male,79,4,Single,3068,13,3,8,7,0
10,59,Travel_Rarely,2022,Research & Development,3,Medical,Female,81,1,Married,2670,20,4,12,1,0
11,30,Travel_Rarely,2020,Research & Development,1,Life Sciences,Male,67,3,Divorced,2693,22,4,1,1,0
12,38,Travel_Frequently,2018,Research & Development,3,Life Sciences,Male,44,3,Single,9526,21,4,10,9,0
13,36,Travel_Rarely,2022,Research & Development,3,Medical,Male,94,3,Married,5237,13,3,17,7,0
14,35,Travel_Rarely,2023,Research & Development,3,Medical,Male,84,2,Married,2426,13,3,6,5,0
15,29,Travel_Rarely,2018,Research & Development,2,Life Sciences,Female,49,3,Single,4193,12,3,10,9,0
16,31,Travel_Rarely,2022,Research & Development,1,Life Sciences,Male,31,3,Divorced,2911,17,3,5,5,0
18,34,Travel_Rarely,2019,Research & Development,2,Medical,Male,93,4,Divorced,2661,11,3,3,2,0
19,28,Travel_Rarely,2019,Research & Development,3,Life Sciences,Male,50,3,Single,2028,14,3,6,4,1
20,29,Travel_Rarely,2019,Research & Development,4,Life Sciences,Female,51,1,Divorced,9980,11,3,10,10,0
21,32,Travel_Rarely,2021,Research & Development,2,Life Sciences,Male,80,2,Divorced,3298,12,3,7,6,0
22,22,Non-Travel,2021,Research & Development,2,Medical,Male,96,4,Divorced,2935,13,3,1,1,0
23,53,Travel_Rarely,2021,Sales,4,Life Sciences,Female,78,4,Married,15427,16,3,31,25,0
24,38,Travel_Rarely,2021,Research & Development,3,Life Sciences,Male,45,4,Single,3944,11,3,6,3,0
26,24,Non-Travel,2020,Research & Development,2,Other,Female,96,3,Divorced,4011,18,3,5,4,0
27,36,Travel_Rarely,2019,Sales,4,Life Sciences,Male,82,1,Single,3407,23,4,10,5,1
28,34,Travel_Rarely,2023,Research & Development,4,Life Sciences,Female,53,2,Single,11994,11,3,13,12,0
30,21,Travel_Rarely,2020,Research & Development,2,Life Sciences,Male,96,4,Single,1232,14,3,0,0,0
31,34,Travel_Rarely,2021,Research & Development,1,Medical,Male,83,1,Single,2960,11,3,8,4,1
32,53,Travel_Rarely,2022,Research & Development,3,Other,Female,58,3,Divorced,19094,11,3,26,14,0
33,32,Travel_Frequently,2022,Research & Development,1,Life Sciences,Female,72,1,Single,3919,22,4,10,10,1
35,42,Travel_Rarely,2022,Sales,4,Marketing,Male,48,2,Married,6825,11,3,10,9,0
36,44,Travel_Rarely,2021,Research & Development,4,Medical,Female,42,4,Married,10248,14,3,24,22,0
38,46,Travel_Rarely,2023,Sales,4,Marketing,Female,83,1,Single,18947,12,3,22,2,0
39,33,Travel_Rarely,2020,Research & Development,3,Medical,Male,78,4,Single,2496,11,3,7,1,0
40,44,Travel_Rarely,2022,Research & Development,4,Other,Male,41,4,Married,6465,13,3,9,4,0
41,30,Travel_Rarely,2021,Research & Development,2,Medical,Male,83,3,Single,2206,13,3,10,10,0
42,39,Travel_Rarely,2020,Sales,3,Technical Degree,Male,56,4,Married,2086,14,3,19,1,1
45,24,Travel_Rarely,2019,Research & Development,3,Medical,Male,61,4,Married,2293,16,3,6,2,1
46,43,Travel_Rarely,2018,Research & Development,2,Medical,Female,72,3,Divorced,2645,12,3,6,5,0
47,50,Travel_Rarely,2020,Sales,2,Marketing,Male,86,3,Married,2683,14,3,3,3,1
49,35,Travel_Rarely,2018,Sales,3,Marketing,Female,97,4,Married,2014,13,3,2,2,0
51,36,Travel_Rarely,2021,Research & Development,4,Life Sciences,Female,82,1,Married,3419,14,3,6,1,0
52,33,Travel_Frequently,2022,Sales,3,Life Sciences,Female,42,1,Married,5376,19,3,10,5,0
53,35,Travel_Rarely,2020,Research & Development,2,Other,Male,75,4,Divorced,1951,12,3,1,1,0
54,27,Travel_Rarely,2019,Research & Development,4,Life Sciences,Female,33,1,Divorced,2341,13,3,1,1,0
55,26,Travel_Rarely,2020,Research & Development,3,Life Sciences,Male,48,3,Single,2293,12,3,1,1,1
56,27,Travel_Frequently,2018,Sales,3,Life Sciences,Male,37,3,Single,8726,15,3,9,9,0
57,30,Travel_Frequently,2020,Research & Development,2,Medical,Female,58,4,Single,4011,23,4,12,12,0
58,41,Travel_Rarely,2023,Research & Development,3,Technical Degree,Female,49,3,Married,19545,12,3,23,22,1
60,34,Non-Travel,2023,Sales,4,Marketing,Male,72,3,Single,4568,20,4,10,9,0
61,37,Travel_Rarely,2020,Research & Development,2,Life Sciences,Male,73,2,Married,3022,21,4,8,1,0
62,46,Travel_Frequently,2021,Sales,4,Marketing,Male,98,4,Single,5772,21,4,14,9,0
63,35,Travel_Rarely,2023,Research & Development,1,Life Sciences,Male,36,4,Married,2269,19,3,1,1,0
64,48,Travel_Rarely,2019,Research & Development,2,Life Sciences,Male,98,3,Single,5381,13,3,23,1,1
65,28,Travel_Rarely,2018,Research & Development,4,Technical Degree,Male,50,3,Single,3441,13,3,2,2,1
68,44,Travel_Rarely,2022,Sales,5,Marketing,Female,75,1,Divorced,5454,21,4,9,4,0
70,35,Non-Travel,2022,Research & Development,2,Medical,Male,79,1,Married,9884,13,3,10,4,0
72,26,Travel_Rarely,2019,Sales,3,Marketing,Female,47,4,Married,4157,19,3,5,2,0
73,33,Travel_Frequently,2019,Research & Development,2,Life Sciences,Female,98,4,Single,13458,12,3,15,15,0
74,35,Travel_Frequently,2019,Sales,5,Life Sciences,Male,71,1,Married,9069,22,4,9,9,0
75,35,Travel_Rarely,2021,Research & Development,4,Medical,Female,30,1,Married,4014,15,3,4,2,0
76,31,Travel_Rarely,2018,Research & Development,4,Life Sciences,Male,48,4,Divorced,5915,22,4,10,7,0
77,37,Travel_Rarely,2021,Research & Development,4,Life Sciences,Male,51,3,Divorced,5993,18,3,7,7,0
78,32,Travel_Rarely,2022,Research & Development,3,Medical,Male,33,4,Married,6162,22,4,9,9,0
79,38,Travel_Frequently,2023,Research & Development,5,Life Sciences,Female,50,4,Single,2406,11,3,10,10,0
80,50,Travel_Rarely,2022,Research & Development,2,Medical,Female,43,3,Divorced,18740,12,3,29,27,0
81,59,Travel_Rarely,2022,Sales,3,Life Sciences,Female,99,1,Single,7637,11,3,28,21,0
83,36,Travel_Rarely,2019,Research & Development,3,Technical Degree,Female,59,3,Divorced,10096,13,3,17,17,0
84,55,Travel_Rarely,2021,Research & Development,3,Medical,Female,33,3,Divorced,14756,14,3,21,5,0
85,36,Travel_Frequently,2019,Research & Development,3,Life Sciences,Male,95,2,Single,6499,13,3,6,6,0
86,45,Travel_Rarely,2019,Research & Development,3,Life Sciences,Male,59,1,Divorced,9724,17,3,25,1,0
88,35,Travel_Frequently,2020,Research & Development,3,Medical,Male,79,1,Married,2194,13,3,5,3,0
90,36,Travel_Rarely,2023,Research & Development,3,Medical,Male,79,3,Married,3388,17,3,2,1,1
91,59,Travel_Frequently,2021,Sales,1,Life Sciences,Female,57,3,Single,5473,11,3,20,4,0
94,29,Travel_Rarely,2021,Research & Development,3,Life Sciences,Male,76,2,Married,2703,23,4,6,5,0
95,31,Travel_Rarely,2023,Research & Development,4,Medical,Male,87,2,Single,2501,17,3,1,1,0
96,32,Travel_Rarely,2018,Research & Development,3,Life Sciences,Male,66,2,Married,6220,17,3,10,10,0
97,36,Travel_Rarely,2018,Research & Development,3,Life Sciences,Female,55,4,Married,3038,12,3,5,1,0
98,31,Travel_Rarely,2020,Research & Development,4,Life Sciences,Female,61,4,Single,4424,23,4,11,11,0
100,35,Travel_Rarely,2019,Sales,4,Marketing,Male,32,1,Single,4312,14,3,16,15,0
101,45,Travel_Rarely,2022,Research & Development,4,Other,Male,52,1,Married,13245,14,3,17,0,0
102,37,Travel_Rarely,2021,Research & Development,4,Medical,Male,30,3,Single,13664,13,3,16,5,0
103,46,Travel_Rarely,2020,Human Resources,2,Medical,Male,80,2,Divorced,5021,22,4,16,4,0
104,30,Travel_Rarely,2019,Research & Development,1,Life Sciences,Male,55,4,Married,5126,12,3,10,10,0
105,35,Travel_Rarely,2021,Research & Development,3,Medical,Male,30,3,Single,2859,18,3,6,6,0
106,55,Travel_Rarely,2021,Sales,2,Life Sciences,Male,70,4,Married,10239,14,3,24,1,0
107,38,Non-Travel,2021,Research & Development,3,Medical,Female,79,4,Divorced,5329,12,3,17,13,0
110,34,Travel_Rarely,2020,Research & Development,2,Medical,Male,94,2,Married,4325,15,3,5,5,0
112,56,Travel_Rarely,2021,Research & Development,3,Life Sciences,Male,49,4,Single,7260,11,3,37,6,0
113,23,Travel_Rarely,2023,Sales,1,Technical Degree,Male,62,1,Divorced,2322,13,3,3,0,0
116,51,Travel_Rarely,2022,Research & Development,4,Life Sciences,Male,96,4,Married,2075,23,4,10,4,0
117,30,Travel_Rarely,2020,Research & Development,3,Life Sciences,Male,99,4,Married,4152,19,3,11,11,0
118,46,Travel_Rarely,2022,Sales,2,Medical,Male,64,4,Single,9619,16,3,9,9,1
119,40,Travel_Frequently,2022,Research & Development,4,Life Sciences,Male,78,2,Married,13503,22,4,22,22,0
120,51,Travel_Rarely,2020,Sales,4,Marketing,Male,71,4,Single,5441,22,4,11,10,0
121,30,Travel_Rarely,2021,Sales,2,Medical,Female,63,2,Divorced,5209,12,3,11,11,0
124,46,Travel_Frequently,2021,Research & Development,3,Medical,Male,40,1,Married,10673,13,3,21,10,0
125,32,Travel_Rarely,2020,Sales,4,Medical,Male,87,3,Single,5010,16,3,12,11,0
126,54,Travel_Rarely,2019,Research & Development,4,Technical Degree,Female,60,3,Married,13549,12,3,16,4,0
128,24,Travel_Rarely,2020,Sales,2,Other,Female,33,3,Married,4999,21,4,4,3,0
129,28,Non-Travel,2021,Sales,3,Medical,Male,43,3,Married,4221,15,3,5,5,0
131,58,Travel_Rarely,2021,Sales,4,Medical,Male,37,3,Single,13872,13,3,38,37,0
132,44,Non-Travel,2022,Research & Development,3,Medical,Male,67,2,Married,2042,12,3,17,3,0
133,37,Travel_Rarely,2022,Human Resources,4,Human Resources,Male,63,1,Divorced,2073,22,4,7,3,1
134,32,Travel_Rarely,2020,Research & Development,1,Life Sciences,Male,71,1,Single,2956,13,3,1,1,0
137,20,Travel_Frequently,2022,Research & Development,3,Life Sciences,Female,66,4,Single,2926,18,3,1,1,1
138,34,Travel_Rarely,2020,Research & Development,4,Other,Female,41,3,Single,4809,14,3,16,16,0
139,37,Non-Travel,2019,Research & Development,2,Life Sciences,Male,100,4,Divorced,5163,14,3,17,1,0
140,59,Non-Travel,2023,Human Resources,4,Human Resources,Female,32,4,Married,18844,21,4,30,3,0
141,50,Travel_Frequently,2021,Research & Development,3,Life Sciences,Female,73,2,Married,18172,19,3,28,8,0
142,25,Travel_Rarely,2021,Sales,3,Marketing,Male,46,3,Single,5744,11,3,6,6,1
143,25,Travel_Rarely,2018,Research & Development,1,Medical,Male,64,4,Married,2889,11,3,2,2,0
144,22,Travel_Rarely,2018,Research & Development,3,Medical,Female,59,4,Single,2871,15,3,1,0,0
145,51,Travel_Frequently,2022,Research & Development,4,Medical,Female,30,1,Single,7484,20,4,23,13,0
147,34,Travel_Frequently,2022,Research & Development,3,Life Sciences,Male,66,3,Single,6074,24,4,9,9,1
148,54,Non-Travel,2019,Human Resources,3,Human Resources,Female,30,4,Single,17328,12,3,23,5,0
150,24,Travel_Rarely,2019,Research & Development,1,Life Sciences,Male,52,3,Married,2774,12,3,6,5,0
151,34,Travel_Rarely,2020,Research & Development,4,Life Sciences,Female,45,2,Divorced,4505,15,3,12,1,0
152,37,Travel_Rarely,2020,Sales,3,Life Sciences,Male,87,4,Single,7428,12,3,12,5,0
153,34,Travel_Rarely,2023,Research & Development,3,Medical,Female,45,1,Single,11631,12,3,14,11,0
154,36,Travel_Frequently,2020,Sales,2,Technical Degree,Female,92,4,Married,9738,14,3,10,9,0
155,36,Travel_Rarely,2023,Research & Development,2,Life Sciences,Female,39,4,Divorced,2835,22,4,7,1,0
158,43,Travel_Frequently,2022,Sales,2,Life Sciences,Male,92,4,Married,16959,12,3,25,25,0
159,30,Travel_Frequently,2021,Research & Development,3,Life Sciences,Male,96,3,Divorced,2613,25,4,10,10,0
160,33,Non-Travel,2022,Sales,2,Marketing,Male,95,2,Married,6146,13,3,8,7,0
161,56,Travel_Rarely,2021,Research & Development,4,Life Sciences,Female,72,2,Married,4963,18,3,7,5,1
162,51,Travel_Rarely,2018,Research & Development,3,Life Sciences,Male,51,3,Single,19537,13,3,23,20,0
163,31,Travel_Rarely,2021,Sales,4,Life Sciences,Male,76,3,Married,6172,18,3,12,7,1
164,26,Travel_Rarely,2018,Research & Development,3,Other,Female,46,2,Married,2368,19,3,5,5,0
165,58,Travel_Rarely,2020,Research & Development,4,Medical,Female,94,4,Married,10312,12,3,40,40,1
167,19,Travel_Rarely,2020,Sales,1,Marketing,Male,50,3,Single,1675,19,3,0,0,1
169,22,Travel_Rarely,2019,Research & Development,1,Technical Degree,Male,100,4,Married,2523,14,3,3,2,0
170,49,Travel_Rarely,2023,Research & Development,4,Medical,Female,96,1,Married,6567,14,3,16,15,0
171,43,Travel_Frequently,2019,Research & Development,3,Medical,Female,72,3,Single,4739,12,3,18,3,0
174,50,Travel_Frequently,2019,Sales,3,Marketing,Female,77,4,Single,9208,11,3,16,2,0
175,31,Travel_Rarely,2018,Sales,3,Life Sciences,Female,71,3,Married,4559,11,3,4,2,1
176,41,Travel_Rarely,2019,Sales,1,Life Sciences,Male,96,3,Divorced,8189,13,3,12,9,0
177,26,Travel_Rarely,2022,Human Resources,1,Life Sciences,Female,61,3,Married,2942,23,4,8,8,0
178,36,Travel_Rarely,2023,Research & Development,2,Medical,Male,84,2,Divorced,4941,20,4,7,3,0
179,51,Travel_Frequently,2019,Research & Development,4,Life Sciences,Male,53,4,Single,10650,15,3,18,4,1
182,39,Travel_Rarely,2019,Sales,4,Life Sciences,Female,47,3,Married,5902,14,3,17,15,0
183,25,Travel_Rarely,2019,Sales,3,Life Sciences,Male,41,3,Married,8639,18,3,6,2,0
184,30,Travel_Rarely,2021,Human Resources,3,Human Resources,Male,48,4,Married,6347,19,3,12,11,0
190,32,Travel_Rarely,2021,Research & Development,3,Medical,Female,41,1,Single,4200,22,4,10,5,1
192,45,Travel_Rarely,2023,Research & Development,3,Medical,Male,83,4,Single,3452,13,3,9,6,0
193,38,Travel_Rarely,2023,Research & Development,5,Technical Degree,Female,32,3,Single,4317,20,4,19,3,0
194,30,Travel_Rarely,2019,Research & Development,3,Life Sciences,Female,75,3,Single,2632,14,3,5,5,0
195,32,Travel_Frequently,2019,Sales,2,Medical,Male,35,4,Divorced,4668,17,3,9,8,0
197,30,Travel_Rarely,2022,Research & Development,3,Technical Degree,Female,84,1,Divorced,3204,14,3,8,3,0
198,30,Travel_Rarely,2019,Research & Development,1,Medical,Male,35,4,Single,2720,13,3,6,5,0
199,41,Travel_Frequently,2020,Research & Development,3,Life Sciences,Male,91,1,Divorced,17181,13,3,21,7,0
200,41,Travel_Rarely,2021,Research & Development,4,Life Sciences,Male,94,1,Married,2238,21,4,7,5,0
201,19,Travel_Rarely,2021,Research & Development,1,Medical,Female,79,2,Single,1483,14,3,1,1,0
202,40,Travel_Frequently,2021,Research & Development,3,Medical,Female,54,2,Divorced,5605,11,3,20,20,0
204,35,Travel_Rarely,2019,Sales,5,Marketing,Male,94,2,Married,7295,13,3,10,10,0
205,53,Travel_Rarely,2019,Sales,2,Marketing,Male,34,3,Married,2306,20,4,13,7,0
206,45,Travel_Rarely,2021,Research & Development,3,Life Sciences,Male,60,2,Divorced,2348,18,3,20,17,0
207,32,Travel_Frequently,2019,Sales,3,Marketing,Female,43,4,Single,8998,14,3,9,9,0
208,29,Non-Travel,2020,Research & Development,1,Technical Degree,Male,41,3,Married,4319,13,3,10,10,0
211,51,Travel_Rarely,2020,Research & Development,4,Medical,Male,34,3,Married,6132,17,3,10,1,0
214,58,Travel_Rarely,2021,Research & Development,3,Medical,Female,75,2,Married,3346,20,4,9,1,0
215,40,Travel_Rarely,2020,Sales,4,Marketing,Male,67,4,Married,10855,11,3,15,12,0
216,34,Travel_Frequently,2021,Sales,4,Marketing,Female,75,3,Married,2231,18,3,6,4,0
217,22,Travel_Rarely,2019,Research & Development,1,Medical,Male,80,4,Married,2323,24,4,2,2,0
218,27,Non-Travel,2021,Research & Development,3,Medical,Male,57,2,Divorced,2024,18,3,6,2,0
221,28,Travel_Rarely,2019,Research & Development,3,Medical,Male,42,4,Married,2713,11,3,5,5,0
223,57,Travel_Rarely,2019,Research & Development,2,Life Sciences,Male,83,4,Divorced,9439,16,3,12,5,0
224,27,Non-Travel,2021,Research & Development,3,Medical,Male,79,3,Divorced,2566,15,3,1,1,0
226,50,Travel_Rarely,2021,Research & Development,3,Life Sciences,Female,53,2,Single,19926,15,3,21,5,0
227,41,Travel_Rarely,2021,Research & Development,3,Life Sciences,Male,56,3,Divorced,2451,12,3,13,9,0
228,30,Travel_Rarely,2020,Sales,3,Life Sciences,Female,41,4,Married,9419,12,3,12,10,0
230,38,Travel_Rarely,2018,Sales,4,Life Sciences,Female,59,4,Single,8686,22,4,12,8,0
231,32,Travel_Rarely,2020,Research & Development,5,Life Sciences,Male,43,3,Single,3038,20,4,8,5,0
233,27,Travel_Rarely,2019,Research & Development,3,Technical Degree,Male,51,2,Married,3058,16,3,6,5,0
235,19,Travel_Frequently,2020,Sales,1,Technical Degree,Female,100,1,Single,2325,21,4,1,0,1
238,36,Travel_Frequently,2018,Research & Development,2,Medical,Male,30,2,Single,2088,12,3,13,8,0
239,30,Non-Travel,2020,Research & Development,3,Medical,Male,66,1,Divorced,3072,11,3,12,12,0
240,45,Travel_Rarely,2022,Sales,2,Life Sciences,Female,30,1,Divorced,5006,11,3,9,5,0
241,56,Travel_Rarely,2022,Research & Development,3,Life Sciences,Female,67,1,Divorced,4257,18,3,19,2,0
242,33,Travel_Rarely,2021,Research & Development,3,Life Sciences,Male,90,4,Single,2500,14,3,4,3,0
243,19,Travel_Rarely,2018,Research & Development,3,Life Sciences,Male,47,4,Single,1102,22,4,1,1,1
244,46,Travel_Rarely,2019,Sales,2,Marketing,Female,92,1,Divorced,10453,25,4,24,24,0
245,38,Travel_Rarely,2019,Research & Development,2,Life Sciences,Female,75,4,Single,2288,12,3,2,2,0
246,31,Travel_Rarely,2019,Research & Development,1,Medical,Female,95,4,Married,3929,23,4,7,4,0
247,34,Travel_Rarely,2019,Research & Development,2,Medical,Female,95,2,Single,2311,15,3,9,3,0
248,41,Travel_Rarely,2019,Sales,2,Marketing,Female,70,2,Single,3140,22,4,4,4,1
249,50,Travel_Rarely,2021,Research & Development,3,Medical,Male,86,3,Married,3690,15,3,5,3,0
250,53,Travel_Rarely,2018,Research & Development,2,Medical,Female,57,1,Divorced,4450,11,3,5,4,0
252,33,Travel_Rarely,2021,Research & Development,3,Medical,Female,72,2,Married,2756,13,3,8,8,0
253,40,Travel_Rarely,2022,Research & Development,1,Medical,Female,46,3,Married,19033,14,3,21,20,0
254,55,Travel_Rarely,2019,Research & Development,4,Medical,Male,61,2,Single,18722,11,3,36,24,0
256,34,Travel_Frequently,2020,Research & Development,1,Life Sciences,Male,45,3,Married,9547,17,3,10,10,0
258,51,Travel_Rarely,2021,Research & Development,3,Medical,Female,98,2,Single,13734,18,3,21,7,0
259,52,Travel_Rarely,2022,Research & Development,4,Life Sciences,Male,65,3,Married,19999,14,3,34,33,0
260,27,Travel_Rarely,2023,Research & Development,3,Medical,Female,99,2,Single,2279,16,3,7,7,0
261,35,Travel_Rarely,2023,Research & Development,2,Life Sciences,Male,50,3,Married,5916,13,3,8,1,1
262,43,Non-Travel,2023,Research & Development,3,Medical,Male,37,4,Divorced,2089,14,3,7,5,0
264,45,Non-Travel,2023,Research & Development,2,Medical,Male,65,4,Married,16792,23,4,22,20,0
267,37,Travel_Rarely,2018,Research & Development,3,Life Sciences,Male,65,1,Married,3564,12,3,8,8,0
269,35,Travel_Frequently,2020,Research & Development,3,Medical,Female,37,2,Single,4425,11,3,10,6,0
270,42,Non-Travel,2019,Research & Development,2,Medical,Female,36,3,Divorced,5265,16,3,11,5,0
271,38,Travel_Rarely,2020,Research & Development,4,Life Sciences,Male,88,3,Married,6553,14,3,14,1,0
273,38,Travel_Rarely,2021,Research & Development,3,Technical Degree,Male,54,4,Married,6261,18,3,9,7,0
274,27,Travel_Frequently,2021,Research & Development,1,Technical Degree,Male,60,1,Married,4298,19,3,6,2,0
275,49,Non-Travel,2019,Research & Development,4,Life Sciences,Male,92,4,Divorced,6804,15,3,7,7,0
277,34,Travel_Frequently,2020,Research & Development,4,Medical,Male,43,3,Divorced,3815,17,3,5,5,0
281,40,Travel_Rarely,2022,Research & Development,2,Medical,Male,99,4,Married,2741,15,3,15,7,0
282,38,Travel_Rarely,2019,Research & Development,1,Medical,Male,70,1,Married,6673,19,3,17,1,1
283,29,Travel_Rarely,2022,Sales,3,Marketing,Female,35,4,Married,7639,22,4,10,10,1
284,22,Travel_Rarely,2022,Research & Development,3,Life Sciences,Male,60,2,Divorced,2328,16,3,4,4,0
286,36,Travel_Frequently,2022,Research & Development,1,Medical,Female,73,4,Single,2153,13,3,8,8,0
287,40,Non-Travel,2023,Research & Development,5,Life Sciences,Male,63,4,Married,4876,14,3,5,3,0
288,46,Travel_Rarely,2020,Research & Development,4,Medical,Male,97,1,Divorced,9396,16,3,17,4,0
291,32,Travel_Rarely,2020,Sales,4,Medical,Male,32,4,Married,10400,11,3,14,14,1
292,30,Non-Travel,2022,Research & Development,1,Life Sciences,Male,88,3,Single,8474,22,4,12,11,0
293,27,Travel_Frequently,2023,Sales,3,Life Sciences,Female,90,3,Single,9981,14,3,7,7,0
296,51,Travel_Rarely,2019,Research & Development,4,Life Sciences,Male,81,2,Married,12490,16,3,16,10,0
297,30,Travel_Rarely,2023,Research & Development,3,Technical Degree,Female,88,1,Single,2657,11,3,8,5,1
298,41,Travel_Rarely,2020,Sales,3,Life Sciences,Female,75,4,Single,13591,18,3,16,1,0
299,30,Travel_Frequently,2020,Sales,4,Marketing,Female,52,1,Single,6696,15,3,9,6,1
300,29,Travel_Rarely,2020,Research & Development,3,Technical Degree,Male,85,3,Single,2058,14,3,7,6,1
302,45,Non-Travel,2022,Sales,3,Medical,Female,57,4,Single,8865,12,3,23,19,0
303,54,Travel_Rarely,2019,Sales,3,Marketing,Female,52,1,Married,5940,14,3,16,6,0
304,36,Travel_Rarely,2023,Research & Development,2,Life Sciences,Male,62,2,Single,5914,16,3,16,13,0
305,33,Travel_Rarely,2020,Research & Development,4,Medical,Female,47,2,Married,2622,21,4,7,3,0
306,37,Travel_Frequently,2022,Research & Development,3,Other,Male,47,4,Divorced,12185,14,3,10,10,0
307,38,Travel_Rarely,2022,Sales,3,Life Sciences,Male,76,3,Divorced,10609,12,3,17,16,0
308,31,Non-Travel,2019,Research & Development,4,Medical,Male,90,3,Married,4345,12,3,6,5,0
309,59,Travel_Rarely,2019,Research & Development,3,Life Sciences,Male,70,4,Married,2177,17,3,7,1,0
311,37,Travel_Frequently,2019,Sales,4,Marketing,Male,41,4,Divorced,2793,17,3,13,9,0
312,29,Travel_Frequently,2021,Sales,1,Medical,Female,42,4,Married,7918,14,3,11,11,0
314,35,Travel_Frequently,2022,Sales,3,Marketing,Female,92,3,Single,8789,14,3,10,10,0
315,29,Travel_Rarely,2023,Research & Development,1,Medical,Male,86,4,Single,2389,13,3,4,4,1
316,52,Travel_Rarely,2019,Research & Development,3,Life Sciences,Female,89,4,Single,3212,15,3,6,2,0
319,42,Travel_Rarely,2021,Research & Development,2,Technical Degree,Male,58,4,Married,19232,11,3,22,22,0
321,59,Travel_Rarely,2022,Human Resources,2,Medical,Male,52,3,Married,2267,17,3,7,2,0
323,50,Travel_Rarely,2019,Sales,4,Medical,Female,68,4,Divorced,19517,11,3,32,7,0
325,33,Travel_Rarely,2019,Research & Development,3,Medical,Male,58,4,Married,2436,13,3,8,5,1
327,43,Travel_Rarely,2022,Sales,3,Marketing,Female,80,4,Married,16064,22,4,22,17,0
328,33,Travel_Rarely,2023,Research & Development,2,Life Sciences,Female,39,1,Married,2707,20,4,13,9,1
329,52,Non-Travel,2019,Sales,4,Life Sciences,Male,79,3,Single,19068,18,3,33,33,0
330,32,Travel_Rarely,2020,Sales,2,Life Sciences,Female,56,2,Married,3931,11,3,6,4,0
331,32,Travel_Rarely,2019,Research & Development,3,Life Sciences,Male,62,3,Single,3730,14,3,4,3,1
332,39,Travel_Rarely,2022,Research & Development,4,Medical,Female,96,3,Divorced,2232,14,3,7,3,0
333,32,Non-Travel,2022,Sales,4,Marketing,Male,100,4,Married,4465,18,3,4,3,0
334,41,Travel_Rarely,2023,Research & Development,2,Life Sciences,Male,36,1,Divorced,3072,16,3,17,1,0
335,40,Travel_Rarely,2020,Research & Development,2,Technical Degree,Male,62,4,Divorced,3319,17,3,9,9,0
336,45,Travel_Rarely,2022,Research & Development,3,Other,Male,70,4,Married,19202,11,3,25,24,0
337,31,Travel_Frequently,2023,Research & Development,4,Medical,Male,73,3,Divorced,13675,12,3,9,2,0
338,33,Travel_Rarely,2019,Research & Development,4,Life Sciences,Female,63,4,Married,2911,13,3,2,2,0
339,34,Travel_Rarely,2022,Research & Development,4,Life Sciences,Male,84,1,Married,5957,13,3,13,11,0
340,37,Travel_Rarely,2020,Research & Development,2,Medical,Female,83,1,Married,3920,14,3,17,3,0
341,45,Travel_Frequently,2020,Research & Development,4,Life Sciences,Male,77,3,Married,6434,17,3,9,3,0
342,37,Travel_Frequently,2018,Research & Development,3,Medical,Male,61,3,Divorced,10048,11,3,17,1,1
343,39,Travel_Frequently,2022,Research & Development,4,Technical Degree,Female,64,3,Single,10938,25,4,20,19,0
346,29,Travel_Rarely,2021,Research & Development,3,Life Sciences,Male,60,4,Single,2340,19,3,6,6,0
347,42,Travel_Rarely,2019,Research & Development,2,Life Sciences,Female,82,1,Single,6545,13,3,10,3,0
349,29,Travel_Rarely,2020,Sales,2,Marketing,Male,45,4,Divorced,6931,14,3,10,3,0
350,25,Travel_Rarely,2021,Research & Development,3,Life Sciences,Female,62,3,Married,4898,12,3,5,4,0
351,42,Travel_Rarely,2023,Research & Development,3,Medical,Female,56,1,Divorced,2593,11,3,10,9,0
352,40,Travel_Rarely,2021,Research & Development,2,Medical,Male,49,3,Divorced,19436,19,3,22,21,0
353,51,Travel_Rarely,2019,Research & Development,3,Life Sciences,Male,96,4,Married,2723,11,3,1,1,0
355,31,Travel_Frequently,2022,Research & Development,2,Medical,Male,71,2,Single,3479,11,3,6,5,1
359,32,Travel_Frequently,2021,Research & Development,3,Life Sciences,Male,100,2,Married,2794,20,4,5,5,0
361,38,Non-Travel,2019,Sales,2,Life Sciences,Male,39,4,Married,5249,18,3,13,8,0
362,32,Travel_Rarely,2019,Research & Development,1,Technical Degree,Male,84,1,Single,2176,13,3,9,6,0
363,46,Travel_Rarely,2019,Sales,3,Technical Degree,Female,75,2,Married,16872,12,3,28,7,0
364,28,Travel_Rarely,2021,Research & Development,4,Life Sciences,Male,79,3,Single,3485,11,3,5,0,1
366,29,Travel_Rarely,2020,Sales,3,Medical,Male,78,2,Married,6644,19,3,10,0,0
367,31,Travel_Rarely,2020,Research & Development,3,Medical,Male,64,4,Married,5582,21,4,10,9,0
369,25,Non-Travel,2019,Research & Development,2,Life Sciences,Male,85,1,Divorced,4000,12,3,6,6,0
372,45,Travel_Rarely,2019,Research & Development,2,Medical,Male,79,4,Married,13496,14,3,21,20,0
373,36,Travel_Rarely,2019,Research & Development,3,Life Sciences,Male,47,4,Married,3210,11,3,16,15,0
374,55,Travel_Rarely,2018,Research & Development,3,Medical,Male,81,1,Single,19045,14,3,37,36,0
376,47,Non-Travel,2020,Research & Development,4,Life Sciences,Male,88,2,Married,11849,12,3,10,10,1
377,28,Travel_Rarely,2020,Research & Development,3,Medical,Male,94,4,Married,2070,23,4,5,5,0
378,37,Travel_Rarely,2023,Sales,4,Medical,Male,98,4,Married,6502,14,3,7,5,0
379,21,Travel_Rarely,2022,Research & Development,2,Medical,Male,100,3,Single,3230,17,3,3,3,0
380,37,Non-Travel,2019,Research & Development,4,Medical,Female,80,4,Divorced,13603,18,3,15,5,0
381,35,Travel_Rarely,2019,Research & Development,3,Life Sciences,Female,71,2,Divorced,11996,18,3,10,7,0
382,38,Travel_Rarely,2019,Sales,2,Medical,Female,44,1,Divorced,5605,24,4,8,8,0
384,26,Travel_Frequently,2020,Research & Development,3,Life Sciences,Female,84,2,Divorced,6397,20,4,6,6,0
385,50,Travel_Rarely,2019,Research & Development,1,Life Sciences,Male,96,2,Divorced,19144,14,3,28,10,0
386,53,Travel_Rarely,2020,Research & Development,4,Medical,Male,45,3,Married,17584,16,3,21,5,0
387,42,Travel_Rarely,2019,Sales,1,Life Sciences,Male,99,3,Married,4907,25,4,20,20,0
388,29,Travel_Frequently,2022,Sales,2,Life Sciences,Male,44,4,Single,4554,18,3,10,10,0
389,55,Travel_Rarely,2020,Research & Development,2,Technical Degree,Male,37,4,Married,5415,19,3,12,10,0
390,26,Travel_Frequently,2019,Research & Development,2,Medical,Male,60,1,Married,4741,13,3,5,5,0
391,37,Travel_Rarely,2021,Research & Development,3,Life Sciences,Female,42,4,Single,2115,12,3,17,17,0
392,44,Travel_Frequently,2021,Research & Development,3,Life Sciences,Male,43,3,Divorced,3161,22,4,19,1,1
393,38,Travel_Rarely,2019,Research & Development,4,Life Sciences,Male,82,4,Divorced,5745,14,3,10,2,0
394,26,Travel_Rarely,2020,Research & Development,4,Medical,Male,45,2,Divorced,2373,13,3,5,3,1
395,28,Travel_Rarely,2020,Research & Development,2,Life Sciences,Female,66,4,Single,3310,21,4,5,5,0
396,49,Travel_Frequently,2021,Research & Development,4,Life Sciences,Female,35,1,Single,18665,11,3,22,3,0
397,36,Travel_Rarely,2022,Research & Development,3,Technical Degree,Male,30,2,Single,4485,12,3,10,8,0
399,31,Travel_Frequently,2023,Sales,3,Marketing,Female,84,2,Divorced,2789,11,3,2,2,0
401,26,Travel_Rarely,2021,Sales,4,Marketing,Male,48,4,Single,5828,12,3,8,8,1
403,37,Travel_Frequently,2022,Research & Development,3,Medical,Male,53,4,Married,2326,12,3,4,4,0
404,42,Travel_Frequently,2019,Sales,3,Marketing,Female,77,2,Married,13525,14,3,23,20,0
405,18,Travel_Rarely,2020,Research & Development,3,Life Sciences,Male,54,3,Single,1420,13,3,0,0,1
406,35,Travel_Rarely,2020,Sales,3,Marketing,Male,96,2,Married,8020,15,3,12,11,0
407,36,Travel_Frequently,2022,Research & Development,4,Life Sciences,Male,81,4,Married,3688,18,3,4,1,0
408,51,Travel_Rarely,2019,Research & Development,3,Medical,Male,84,2,Divorced,5482,18,3,13,4,0
410,41,Travel_Rarely,2019,Sales,4,Life Sciences,Male,88,2,Single,16015,19,3,22,22,0
411,18,Travel_Rarely,2020,Sales,3,Medical,Female,69,3,Single,1200,12,3,0,0,0
412,28,Travel_Rarely,2021,Research & Development,2,Medical,Male,68,1,Single,5661,19,3,9,8,0
416,31,Travel_Rarely,2021,Sales,3,Technical Degree,Male,100,4,Married,6929,11,3,10,8,0
417,39,Travel_Rarely,2022,Research & Development,3,Medical,Male,48,4,Divorced,9613,17,3,19,18,0
419,36,Non-Travel,2022,Research & Development,4,Life Sciences,Female,47,2,Married,5674,15,3,11,9,0
420,32,Travel_Rarely,2020,Sales,3,Life Sciences,Male,91,3,Married,5484,14,3,13,13,0
421,38,Travel_Rarely,2020,Research & Development,2,Life Sciences,Female,81,2,Married,12061,17,3,19,10,0
422,58,Non-Travel,2020,Research & Development,4,Life Sciences,Male,32,3,Divorced,5660,13,3,12,5,0
423,31,Travel_Rarely,2019,Research & Development,4,Technical Degree,Male,86,4,Married,4821,12,3,6,5,0
424,31,Travel_Rarely,2019,Human Resources,3,Human Resources,Male,62,1,Married,6410,12,3,9,2,0
425,45,Travel_Frequently,2020,Research & Development,3,Life Sciences,Male,97,1,Divorced,5210,18,3,24,24,0
426,31,Travel_Rarely,2018,Research & Development,4,Life Sciences,Male,32,4,Divorced,2695,18,3,3,2,0
428,33,Travel_Frequently,2022,Research & Development,4,Life Sciences,Female,74,2,Married,11878,11,3,12,10,0
429,39,Travel_Rarely,2018,Research & Development,1,Medical,Male,99,1,Married,17068,14,3,21,21,0
430,43,Travel_Frequently,2022,Research & Development,4,Life Sciences,Female,33,4,Single,2455,19,3,9,8,0
431,49,Travel_Rarely,2023,Research & Development,2,Technical Degree,Female,90,3,Single,13964,12,3,25,7,0
433,52,Travel_Rarely,2021,Research & Development,4,Medical,Male,85,2,Married,4941,15,3,11,8,1
434,27,Travel_Rarely,2020,Research & Development,3,Life Sciences,Female,85,2,Single,2478,12,3,4,4,0
436,32,Travel_Rarely,2020,Sales,2,Technical Degree,Female,65,2,Married,5228,11,3,13,13,0
437,27,Travel_Rarely,2019,Sales,3,Life Sciences,Male,74,3,Single,4478,11,3,5,5,0
438,31,Travel_Rarely,2020,Sales,3,Marketing,Male,73,4,Divorced,7547,12,3,13,7,0
439,32,Travel_Rarely,2021,Research & Development,4,Medical,Female,74,4,Single,5055,16,3,10,7,0
440,28,Travel_Rarely,2019,Research & Development,4,Medical,Male,84,4,Married,3464,13,3,5,3,1
441,30,Travel_Rarely,2021,Research & Development,2,Medical,Female,64,4,Married,5775,13,3,11,10,0
442,31,Travel_Frequently,2020,Research & Development,2,Life Sciences,Female,48,3,Married,8943,24,4,10,10,0
444,39,Travel_Frequently,2021,Research & Development,2,Medical,Male,54,4,Married,19272,15,3,21,21,0
445,39,Travel_Rarely,2022,Sales,2,Medical,Female,41,3,Married,5238,18,3,12,1,1
446,33,Travel_Frequently,2019,Sales,3,Marketing,Male,46,4,Single,4682,14,3,9,7,0
447,47,Travel_Rarely,2020,Research & Development,5,Life Sciences,Male,42,3,Married,18300,11,3,21,3,0
448,43,Travel_Frequently,2020,Research & Development,4,Life Sciences,Female,82,3,Divorced,5257,11,3,9,9,0
449,27,Non-Travel,2021,Sales,1,Marketing,Male,73,2,Married,6349,13,3,6,5,0
450,54,Travel_Frequently,2022,Research & Development,4,Life Sciences,Female,31,3,Single,4869,12,3,20,4,0
451,43,Travel_Rarely,2022,Research & Development,3,Life Sciences,Female,43,1,Married,9985,16,3,10,1,0
452,45,Travel_Rarely,2022,Research & Development,4,Other,Male,75,4,Married,3697,14,3,12,10,0
453,40,Travel_Rarely,2021,Sales,2,Medical,Male,57,4,Married,7457,22,4,6,4,0
454,29,Travel_Rarely,2023,Research & Development,4,Other,Male,77,1,Married,2119,11,3,7,7,1
455,29,Travel_Rarely,2020,Research & Development,5,Other,Male,30,4,Single,3983,17,3,4,3,0
456,30,Travel_Rarely,2023,Sales,3,Marketing,Female,30,3,Divorced,6118,13,3,10,10,0
458,27,Travel_Rarely,2022,Sales,4,Marketing,Female,56,2,Married,6214,18,3,8,8,0
460,37,Travel_Rarely,2022,Research & Development,2,Medical,Male,61,4,Divorced,6347,16,3,8,6,0
461,38,Travel_Rarely,2019,Research & Development,2,Life Sciences,Male,92,4,Divorced,11510,14,3,12,11,0
462,31,Travel_Rarely,2021,Research & Development,4,Medical,Female,39,4,Single,7143,14,3,11,11,0
463,29,Travel_Rarely,2020,Sales,1,Marketing,Female,39,2,Divorced,8268,14,3,7,7,0
464,35,Travel_Rarely,2020,Research & Development,4,Technical Degree,Male,62,2,Single,8095,13,3,17,16,0
465,23,Travel_Rarely,2022,Research & Development,1,Life Sciences,Male,83,4,Divorced,2904,12,3,4,4,0
466,41,Travel_Rarely,2021,Research & Development,3,Medical,Male,95,2,Single,6032,15,3,8,5,0
467,47,Travel_Frequently,2022,Sales,1,Medical,Male,99,3,Single,2976,19,3,5,0,0
468,42,Travel_Rarely,2020,Research & Development,5,Life Sciences,Female,44,4,Single,15992,14,3,16,1,0
469,29,Non-Travel,2019,Sales,3,Life Sciences,Male,61,3,Married,4649,14,3,4,4,0
470,42,Travel_Rarely,2021,Human Resources,1,Technical Degree,Male,52,3,Divorced,2696,11,3,4,3,0
471,32,Travel_Rarely,2021,Research & Development,3,Medical,Female,75,2,Married,2370,13,3,8,8,0
473,48,Travel_Rarely,2021,Sales,1,Medical,Female,91,3,Married,12504,21,4,15,0,0
474,37,Travel_Rarely,2023,Research & Development,3,Medical,Male,51,1,Divorced,5974,13,3,13,7,0
475,30,Non-Travel,2022,Sales,2,Technical Degree,Female,85,3,Married,4736,12,3,4,2,0
476,26,Travel_Rarely,2020,Sales,3,Life Sciences,Male,57,3,Married,5296,17,3,8,8,0
477,42,Travel_Rarely,2019,Research & Development,4,Other,Male,98,4,Single,6781,23,4,14,1,0
478,21,Travel_Frequently,2019,Sales,1,Technical Degree,Female,99,2,Single,2174,11,3,3,3,1
479,36,Non-Travel,2020,Sales,5,Medical,Female,45,4,Single,6653,15,3,7,1,0
481,36,Travel_Frequently,2022,Sales,4,Medical,Male,48,4,Married,9699,11,3,16,13,0
482,57,Travel_Rarely,2022,Research & Development,4,Medical,Male,88,3,Married,6755,11,3,15,3,0
483,40,Travel_Rarely,2021,Research & Development,4,Life Sciences,Female,46,3,Married,2213,13,3,10,7,0
484,21,Non-Travel,2023,Sales,2,Medical,Male,39,4,Single,2610,24,4,3,3,0
485,33,Travel_Rarely,2023,Sales,3,Marketing,Female,34,3,Single,2851,13,3,1,1,1
486,37,Travel_Rarely,2020,Research & Development,3,Medical,Female,98,1,Married,3452,20,4,17,5,0
487,46,Non-Travel,2023,Research & Development,4,Medical,Female,30,3,Married,5258,14,3,7,1,0
488,41,Travel_Frequently,2020,Sales,3,Marketing,Male,56,2,Single,9355,18,3,8,8,1
491,50,Travel_Rarely,2019,Research & Development,3,Technical Degree,Male,100,4,Single,10496,15,3,20,4,0
492,40,Travel_Rarely,2019,Sales,2,Marketing,Male,68,3,Married,6380,12,3,8,6,1
493,31,Travel_Rarely,2018,Research & Development,4,Life Sciences,Male,42,2,Single,2657,16,3,3,2,0
494,21,Travel_Rarely,2022,Sales,3,Life Sciences,Female,90,2,Single,2716,15,3,1,1,1
495,29,Travel_Rarely,2019,Research & Development,3,Life Sciences,Male,54,4,Single,2201,16,3,6,3,0
496,35,Travel_Rarely,2020,Research & Development,4,Life Sciences,Male,97,2,Single,6540,19,3,10,1,0
497,27,Travel_Rarely,2020,Research & Development,2,Medical,Male,82,2,Divorced,3816,11,3,5,5,0
498,28,Travel_Rarely,2022,Sales,4,Life Sciences,Male,92,4,Single,5253,16,3,7,7,0
499,49,Travel_Rarely,2019,Research & Development,3,Other,Male,31,3,Single,10965,24,4,26,5,0
500,51,Travel_Rarely,2019,Sales,2,Life Sciences,Female,87,4,Married,4936,11,3,18,7,0
501,36,Travel_Rarely,2021,Research & Development,3,Life Sciences,Female,96,3,Married,2543,13,3,6,2,0
502,34,Non-Travel,2021,Sales,3,Marketing,Male,67,4,Single,5304,13,3,9,5,1
505,55,Travel_Rarely,2019,Research & Development,3,Life Sciences,Female,97,4,Single,16659,13,3,30,5,0
507,24,Travel_Rarely,2022,Sales,4,Marketing,Female,77,3,Divorced,4260,12,3,5,5,0
508,30,Travel_Rarely,2021,Sales,1,Technical Degree,Male,72,2,Married,2476,18,3,1,1,0
510,26,Travel_Frequently,2021,Research & Development,1,Technical Degree,Male,73,1,Single,3102,22,4,7,6,1
511,22,Travel_Rarely,2019,Research & Development,3,Medical,Female,43,2,Married,2244,13,3,2,2,0
513,36,Travel_Rarely,2019,Sales,2,Medical,Male,61,3,Married,7596,13,3,10,10,0
514,30,Travel_Frequently,2020,Research & Development,3,Technical Degree,Male,40,4,Single,2285,23,4,3,1,1
515,37,Travel_Rarely,2022,Research & Development,3,Life Sciences,Female,95,1,Divorced,3034,12,3,18,18,0
516,40,Travel_Rarely,2019,Sales,2,Marketing,Female,46,2,Divorced,5715,12,3,8,5,0
517,42,Travel_Rarely,2022,Research & Development,4,Life Sciences,Female,95,1,Divorced,2576,16,3,8,5,0
518,37,Travel_Rarely,2019,Research & Development,4,Life Sciences,Male,49,2,Single,4197,12,3,18,1,0
520,43,Travel_Rarely,2021,Research & Development,3,Life Sciences,Male,59,2,Divorced,14336,11,3,25,25,0
521,40,Travel_Rarely,2021,Research & Development,3,Medical,Female,78,3,Married,3448,22,4,20,1,0
522,54,Travel_Rarely,2021,Research & Development,2,Medical,Male,86,1,Married,19406,11,3,24,4,0
523,34,Non-Travel,2020,Sales,4,Marketing,Female,72,3,Married,6538,15,3,6,3,0
524,31,Travel_Rarely,2020,Research & Development,2,Medical,Female,31,1,Married,4306,12,3,13,13,0
525,43,Travel_Frequently,2018,Research & Development,3,Medical,Male,61,4,Married,2258,20,4,8,3,0
526,43,Travel_Rarely,2021,Research & Development,4,Other,Female,74,3,Divorced,4522,14,3,8,5,0
527,25,Travel_Rarely,2019,Sales,2,Life Sciences,Female,99,4,Single,4487,11,3,5,5,0
529,37,Non-Travel,2022,Research & Development,5,Medical,Female,72,3,Married,4449,15,3,15,13,0
530,31,Travel_Rarely,2020,Research & Development,2,Life Sciences,Male,98,1,Married,2218,12,3,4,4,0
531,39,Travel_Frequently,2022,Research & Development,1,Life Sciences,Male,52,3,Divorced,19197,14,3,21,21,0
532,56,Travel_Frequently,2023,Sales,3,Life Sciences,Female,86,1,Married,13212,11,3,36,7,0
533,30,Travel_Rarely,2019,Sales,3,Technical Degree,Female,83,3,Single,6577,11,3,6,5,0
534,41,Travel_Rarely,2019,Sales,3,Marketing,Male,49,1,Married,8392,16,3,10,10,0
536,28,Travel_Rarely,2019,Research & Development,2,Medical,Male,79,1,Divorced,4558,12,3,10,10,0
538,25,Travel_Rarely,2019,Research & Development,3,Medical,Male,91,1,Married,4031,13,3,6,2,1
543,52,Travel_Rarely,2018,Research & Development,3,Medical,Male,39,3,Married,7969,14,3,28,5,0
544,45,Travel_Rarely,2021,Research & Development,2,Life Sciences,Male,69,4,Married,2654,21,4,8,2,0
546,52,Travel_Rarely,2022,Research & Development,2,Life Sciences,Female,30,4,Married,16555,13,3,31,5,0
547,42,Travel_Frequently,2019,Research & Development,2,Life Sciences,Female,92,3,Divorced,4556,11,3,19,5,0
548,30,Travel_Rarely,2019,Research & Development,3,Life Sciences,Female,43,4,Single,6091,20,4,11,5,0
549,60,Travel_Rarely,2021,Research & Development,3,Life Sciences,Female,41,1,Married,19566,11,3,33,29,0
550,46,Travel_Rarely,2022,Research & Development,3,Medical,Female,87,3,Divorced,4810,14,3,19,10,0
551,42,Travel_Frequently,2018,Research & Development,4,Technical Degree,Female,88,4,Married,4523,11,3,7,6,0
554,24,Travel_Rarely,2021,Sales,1,Technical Degree,Female,62,2,Single,3202,16,3,6,5,1
555,34,Travel_Frequently,2023,Sales,2,Marketing,Female,33,3,Divorced,2351,16,3,3,2,1
556,38,Travel_Frequently,2021,Research & Development,2,Life Sciences,Male,42,4,Married,1702,23,4,1,1,0
558,40,Travel_Rarely,2020,Sales,4,Life Sciences,Female,79,3,Married,18041,14,3,21,20,0
560,26,Travel_Rarely,2023,Research & Development,3,Life Sciences,Female,90,4,Divorced,2886,22,4,3,3,0
562,30,Non-Travel,2021,Research & Development,3,Life Sciences,Male,53,4,Married,2097,15,3,9,5,0
564,29,Travel_Rarely,2019,Research & Development,4,Medical,Male,93,3,Married,11935,18,3,10,10,0
565,29,Travel_Rarely,2020,Research & Development,5,Technical Degree,Female,71,2,Married,2546,16,3,6,2,1
566,19,Travel_Rarely,2019,Human Resources,2,Technical Degree,Male,52,4,Single,2564,12,3,1,1,1
567,30,Non-Travel,2019,Sales,4,Other,Female,69,1,Married,8412,11,3,10,9,0
568,57,Travel_Rarely,2021,Sales,3,Marketing,Male,56,4,Divorced,14118,12,3,32,1,0
569,50,Travel_Rarely,2020,Research & Development,4,Life Sciences,Male,88,3,Married,17046,15,3,28,27,0
571,30,Non-Travel,2019,Research & Development,3,Medical,Female,49,4,Single,2564,14,3,12,11,0
573,60,Travel_Frequently,2019,Sales,3,Marketing,Female,80,1,Married,10266,19,3,22,18,0
574,47,Travel_Rarely,2021,Research & Development,2,Medical,Female,65,4,Divorced,5070,13,3,20,5,0
575,46,Travel_Rarely,2019,Research & Development,3,Life Sciences,Male,51,3,Married,17861,13,3,26,3,0
577,35,Travel_Rarely,2021,Research & Development,3,Life Sciences,Male,46,3,Single,4230,15,3,6,5,0
578,54,Travel_Rarely,2023,Research & Development,4,Life Sciences,Female,42,3,Single,3780,11,3,19,1,0
579,34,Travel_Rarely,2022,Research & Development,4,Life Sciences,Male,62,3,Divorced,2768,12,3,14,7,0
580,46,Travel_Rarely,2022,Sales,3,Marketing,Female,94,4,Married,9071,19,3,15,3,0
581,31,Travel_Rarely,2019,Research & Development,1,Life Sciences,Male,33,2,Divorced,10648,25,4,13,13,0
582,33,Travel_Rarely,2020,Research & Development,1,Medical,Male,56,3,Married,13610,12,3,15,7,1
584,33,Travel_Rarely,2022,Research & Development,1,Medical,Male,38,4,Divorced,3408,13,3,8,4,1
585,30,Travel_Rarely,2019,Sales,1,Marketing,Male,57,2,Single,2983,14,3,4,3,0
586,35,Travel_Rarely,2019,Research & Development,3,Life Sciences,Male,72,3,Married,7632,12,3,10,8,0
587,31,Travel_Frequently,2022,Research & Development,3,Life Sciences,Male,66,3,Married,9824,12,3,12,1,1
590,34,Travel_Frequently,2020,Human Resources,3,Human Resources,Female,43,1,Divorced,9950,15,3,11,3,1
591,42,Travel_Frequently,2020,Research & Development,2,Other,Male,97,3,Married,2093,17,3,8,2,0
592,36,Non-Travel,2018,Sales,4,Medical,Male,32,4,Single,9980,14,3,10,10,0
593,22,Travel_Frequently,2019,Research & Development,1,Technical Degree,Male,99,3,Single,3894,16,3,4,2,1
595,48,Travel_Rarely,2019,Sales,5,Marketing,Female,37,4,Married,4051,14,3,14,9,0
597,55,Travel_Rarely,2023,Sales,5,Life Sciences,Female,83,2,Single,16835,23,4,37,10,0
599,41,Non-Travel,2022,Sales,2,Life Sciences,Male,56,4,Single,6230,14,3,16,14,0
600,35,Travel_Rarely,2018,Sales,3,Marketing,Male,85,3,Married,4717,11,3,15,11,0
601,40,Travel_Rarely,2022,Research & Development,3,Life Sciences,Female,75,3,Single,13237,15,3,22,20,0
602,39,Travel_Frequently,2020,Research & Development,1,Life Sciences,Female,48,3,Married,3755,11,3,8,8,0
604,31,Travel_Rarely,2021,Sales,1,Life Sciences,Male,77,4,Single,6582,13,3,10,6,0
605,42,Travel_Rarely,2021,Research & Development,3,Medical,Male,56,1,Married,7406,21,4,10,10,0
606,45,Travel_Rarely,2018,Sales,3,Other,Male,61,2,Married,4805,19,3,9,8,0
608,26,Travel_Frequently,2018,Human Resources,4,Life Sciences,Female,58,3,Divorced,2741,11,3,8,7,1
611,29,Travel_Rarely,2019,Research & Development,3,Technical Degree,Male,34,4,Divorced,4262,12,3,8,3,0
612,33,Travel_Rarely,2021,Research & Development,5,Medical,Female,95,3,Divorced,16184,19,3,10,6,0
613,31,Travel_Rarely,2019,Sales,3,Life Sciences,Male,44,4,Divorced,11557,21,4,10,5,0
614,18,Travel_Frequently,2019,Sales,3,Marketing,Male,69,2,Single,1878,14,3,0,0,1
615,40,Non-Travel,2022,Sales,3,Other,Male,58,1,Divorced,10932,15,3,20,1,0
616,41,Non-Travel,2019,Research & Development,4,Other,Female,62,3,Single,6811,17,3,10,8,0
618,26,Travel_Rarely,2021,Sales,2,Medical,Male,45,3,Divorced,4306,12,3,8,0,0
620,35,Travel_Rarely,2018,Sales,3,Medical,Female,80,3,Single,4859,16,3,5,5,0
621,34,Travel_Rarely,2022,Sales,4,Life Sciences,Male,74,4,Single,5337,12,3,10,10,0
622,26,Travel_Rarely,2021,Research & Development,3,Technical Degree,Male,66,4,Single,2340,18,3,1,1,1
623,37,Travel_Rarely,2022,Research & Development,3,Technical Degree,Female,59,4,Single,7491,17,3,12,6,0
624,46,Travel_Frequently,2022,Research & Development,1,Medical,Female,86,3,Married,10527,11,3,28,2,0
625,41,Travel_Rarely,2022,Sales,5,Life Sciences,Female,91,1,Married,16595,16,3,22,18,0
626,37,Non-Travel,2022,Sales,4,Medical,Male,69,2,Divorced,8834,13,3,9,9,0
630,52,Travel_Rarely,2023,Research & Development,2,Technical Degree,Male,78,1,Divorced,5577,12,3,18,10,0
631,32,Non-Travel,2023,Sales,4,Other,Male,60,3,Married,4707,12,3,6,4,1
632,24,Travel_Frequently,2020,Sales,3,Medical,Male,38,4,Married,2400,13,3,3,2,0
634,38,Travel_Rarely,2019,Research & Development,3,Medical,Female,76,3,Married,9824,19,3,18,1,0
635,37,Travel_Rarely,2019,Research & Development,4,Life Sciences,Female,65,2,Married,6447,12,3,8,6,0
638,49,Travel_Rarely,2018,Research & Development,4,Life Sciences,Male,58,3,Divorced,19502,17,3,31,31,0
639,24,Travel_Rarely,2021,Research & Development,3,Medical,Male,89,4,Married,2725,11,3,6,6,0
641,26,Travel_Rarely,2023,Sales,2,Marketing,Male,66,2,Married,6272,20,4,6,5,0
643,24,Travel_Rarely,2021,Research & Development,2,Other,Male,94,2,Married,2127,21,4,1,1,0
644,50,Travel_Frequently,2023,Human Resources,3,Medical,Male,99,2,Married,18200,11,3,32,32,0
645,25,Travel_Rarely,2019,Sales,1,Medical,Male,40,3,Married,2096,11,3,7,7,0
647,24,Travel_Frequently,2020,Research & Development,3,Life Sciences,Female,55,3,Married,2886,16,3,6,6,1
648,30,Travel_Frequently,2020,Sales,4,Life Sciences,Male,74,1,Married,2033,18,3,1,1,1
649,34,Travel_Rarely,2020,Research & Development,2,Life Sciences,Male,83,4,Married,3622,13,3,6,6,0
650,31,Travel_Rarely,2022,Sales,4,Medical,Male,46,1,Divorced,4233,17,3,9,3,1
652,35,Travel_Rarely,2019,Research & Development,2,Other,Male,54,4,Single,3681,14,3,9,3,0
653,31,Travel_Rarely,2021,Sales,4,Medical,Male,66,4,Divorced,5460,22,4,13,7,0
655,27,Travel_Rarely,2022,Research & Development,4,Medical,Female,66,3,Divorced,2187,12,3,6,5,0
656,37,Travel_Rarely,2021,Sales,3,Marketing,Male,75,3,Married,9602,11,3,17,3,0
657,20,Travel_Rarely,2020,Research & Development,3,Life Sciences,Female,83,2,Single,2836,13,3,1,1,0
659,42,Travel_Rarely,2020,Research & Development,4,Life Sciences,Female,81,4,Married,4089,13,3,10,10,0
661,43,Travel_Rarely,2020,Research & Development,4,Other,Male,50,4,Divorced,16627,14,3,21,1,0
662,38,Travel_Rarely,2022,Research & Development,1,Life Sciences,Female,43,1,Single,2619,17,3,8,0,0
663,43,Travel_Frequently,2022,Research & Development,5,Medical,Male,72,3,Divorced,5679,13,3,10,8,0
664,48,Travel_Rarely,2019,Research & Development,4,Life Sciences,Female,40,1,Married,15402,11,3,21,3,0
665,44,Travel_Rarely,2020,Human Resources,4,Life Sciences,Female,50,3,Single,5985,11,3,10,2,0
666,34,Travel_Rarely,2023,Sales,3,Technical Degree,Female,31,3,Divorced,2579,18,3,8,8,0
667,27,Travel_Rarely,2021,Sales,1,Marketing,Male,85,1,Divorced,3041,11,3,5,4,1
669,21,Travel_Rarely,2020,Sales,1,Technical Degree,Male,49,3,Single,3447,11,3,3,3,0
671,44,Travel_Rarely,2018,Research & Development,4,Other,Male,35,4,Married,19513,12,3,26,2,0
675,22,Travel_Rarely,2021,Research & Development,1,Medical,Male,69,3,Married,2773,20,4,3,2,0
677,33,Travel_Rarely,2021,Sales,4,Marketing,Male,39,3,Divorced,7104,12,3,6,5,0
679,32,Travel_Rarely,2020,Research & Development,4,Life Sciences,Female,92,4,Married,6322,12,3,6,6,0
680,30,Travel_Frequently,2019,Research & Development,3,Medical,Female,71,3,Divorced,2083,20,4,1,1,0
682,53,Travel_Rarely,2020,Sales,1,Medical,Female,34,1,Single,8381,20,4,18,14,0
683,34,Travel_Rarely,2021,Research & Development,5,Life Sciences,Male,42,4,Married,2691,12,3,10,10,0
684,45,Travel_Frequently,2023,Sales,4,Life Sciences,Female,100,1,Married,4286,14,3,5,1,1
686,26,Travel_Rarely,2019,Research & Development,3,Life Sciences,Female,71,4,Married,2659,13,3,3,3,0
689,37,Travel_Rarely,2021,Research & Development,3,Other,Male,36,3,Married,9434,15,3,10,10,0
690,29,Travel_Rarely,2022,Sales,2,Medical,Female,62,3,Married,5561,14,3,6,6,0
691,35,Travel_Rarely,2023,Research & Development,4,Life Sciences,Male,82,4,Single,6646,13,3,17,17,0
692,33,Travel_Frequently,2020,Research & Development,3,Life Sciences,Male,30,4,Divorced,7725,23,4,15,13,0
698,54,Travel_Rarely,2020,Human Resources,4,Medical,Male,88,2,Married,10725,15,3,16,9,0
699,36,Travel_Rarely,2022,Research & Development,2,Medical,Male,48,2,Divorced,8847,11,3,13,3,0
700,27,Travel_Rarely,2022,Research & Development,4,Medical,Male,54,4,Single,2045,13,3,5,4,0
701,20,Travel_Rarely,2020,Research & Development,1,Medical,Male,32,3,Single,1009,11,3,1,1,1
702,33,Travel_Frequently,2019,Research & Development,3,Life Sciences,Male,70,1,Single,3348,11,3,10,10,1
704,35,Non-Travel,2019,Research & Development,3,Life Sciences,Male,41,3,Married,1281,18,3,1,1,0
705,23,Travel_Rarely,2018,Research & Development,3,Medical,Male,58,1,Married,2819,16,3,5,3,0
707,25,Travel_Rarely,2018,Sales,3,Life Sciences,Male,57,2,Married,4851,22,4,4,3,0
709,38,Travel_Rarely,2019,Sales,4,Marketing,Female,46,4,Single,4028,20,4,8,7,0
710,29,Travel_Frequently,2020,Research & Development,4,Life Sciences,Male,76,4,Divorced,2720,18,3,10,10,0
712,48,Travel_Rarely,2022,Sales,1,Marketing,Male,56,2,Married,8120,12,3,12,2,0
714,27,Travel_Frequently,2019,Sales,1,Medical,Female,71,4,Divorced,4647,20,4,6,6,0
715,37,Travel_Rarely,2020,Research & Development,2,Life Sciences,Male,80,4,Single,4680,17,3,4,1,0
716,50,Travel_Rarely,2023,Research & Development,1,Medical,Male,74,3,Married,3221,11,3,20,20,0
717,34,Travel_Rarely,2022,Research & Development,3,Medical,Female,46,2,Single,8621,14,3,9,8,0
720,24,Travel_Rarely,2023,Sales,2,Life Sciences,Female,65,3,Single,4577,14,3,4,2,1
721,39,Travel_Rarely,2021,Research & Development,4,Technical Degree,Female,80,3,Single,4553,11,3,20,20,0
722,32,Travel_Rarely,2021,Sales,3,Marketing,Male,55,4,Single,5396,12,3,10,10,0
723,50,Travel_Frequently,2021,Sales,2,Technical Degree,Male,50,3,Married,6796,14,3,18,4,1
724,38,Travel_Rarely,2021,Research & Development,4,Life Sciences,Female,33,4,Single,7625,13,3,10,9,0
725,27,Travel_Rarely,2020,Research & Development,2,Life Sciences,Female,68,1,Married,7412,11,3,9,9,0
727,32,Travel_Rarely,2019,Research & Development,2,Life Sciences,Female,39,4,Single,11159,15,3,10,7,0
728,47,Travel_Rarely,2022,Sales,4,Marketing,Male,42,1,Single,4960,12,3,20,7,0
729,40,Travel_Frequently,2020,Sales,4,Life Sciences,Male,48,1,Married,10475,21,4,20,18,0
730,53,Travel_Rarely,2022,Research & Development,3,Life Sciences,Male,59,3,Married,14814,19,3,32,5,0
731,41,Travel_Rarely,2018,Human Resources,4,Human Resources,Male,73,4,Divorced,19141,15,3,23,21,0
732,60,Travel_Rarely,2023,Sales,4,Marketing,Male,84,1,Single,5405,14,3,10,2,0
733,27,Travel_Frequently,2021,Research & Development,2,Life Sciences,Male,32,1,Divorced,8793,21,4,9,9,0
734,41,Travel_Rarely,2019,Human Resources,3,Human Resources,Male,59,3,Married,19189,12,3,22,22,0
738,50,Travel_Rarely,2021,Sales,4,Marketing,Male,54,2,Married,3875,15,3,4,2,0
741,28,Travel_Rarely,2020,Research & Development,2,Life Sciences,Female,67,2,Single,2216,13,3,10,7,1
742,36,Non-Travel,2018,Research & Development,3,Life Sciences,Female,63,1,Married,11713,14,3,10,8,0
743,38,Travel_Rarely,2018,Research & Development,3,Life Sciences,Female,81,3,Single,7861,14,3,10,1,0
744,44,Non-Travel,2021,Research & Development,3,Medical,Male,49,3,Single,3708,14,3,9,5,0
746,47,Travel_Frequently,2021,Sales,3,Medical,Female,49,3,Divorced,13770,12,3,28,22,0
747,30,Travel_Rarely,2020,Sales,5,Marketing,Male,99,4,Divorced,5304,23,4,10,8,0
749,29,Travel_Rarely,2021,Sales,3,Life Sciences,Male,99,3,Single,2642,11,3,1,1,0
752,42,Travel_Frequently,2022,Research & Development,3,Medical,Male,57,3,Divorced,2759,12,3,7,2,1
754,43,Travel_Frequently,2018,Sales,3,Life Sciences,Male,47,4,Married,6804,18,3,7,2,0
757,34,Travel_Rarely,2018,Research & Development,2,Medical,Female,96,3,Single,6142,11,3,10,5,0
758,23,Travel_Rarely,2020,Research & Development,1,Medical,Male,37,1,Married,2500,14,3,5,4,0
760,39,Travel_Rarely,2021,Human Resources,3,Human Resources,Female,44,2,Married,6389,15,3,12,8,0
762,56,Travel_Rarely,2018,Research & Development,3,Medical,Male,81,4,Married,11103,11,3,30,10,0
763,40,Travel_Rarely,2020,Research & Development,1,Medical,Female,86,4,Single,2342,20,4,5,4,0
764,27,Travel_Rarely,2021,Research & Development,3,Medical,Female,55,1,Single,6811,19,3,9,7,0
766,29,Travel_Rarely,2020,Sales,3,Marketing,Male,83,2,Divorced,2297,14,3,2,2,0
769,53,Travel_Rarely,2020,Research & Development,3,Life Sciences,Male,86,4,Single,2450,17,3,19,2,0
771,35,Non-Travel,2022,Research & Development,4,Life Sciences,Female,61,1,Divorced,5093,11,3,16,1,0
772,32,Travel_Frequently,2022,Research & Development,4,Life Sciences,Male,80,4,Married,5309,15,3,10,10,0
773,38,Travel_Rarely,2022,Research & Development,5,Medical,Male,92,3,Married,3057,13,3,6,1,0
775,34,Travel_Rarely,2023,Research & Development,5,Life Sciences,Female,32,1,Divorced,5121,14,3,7,0,0
776,52,Travel_Rarely,2020,Sales,4,Marketing,Male,31,1,Married,16856,11,3,34,34,0
780,33,Travel_Rarely,2022,Research & Development,4,Other,Male,63,4,Single,2686,13,3,10,10,1
781,25,Travel_Rarely,2022,Sales,1,Medical,Female,32,4,Single,6180,23,4,6,6,0
783,45,Travel_Rarely,2022,Sales,2,Technical Degree,Male,46,3,Single,6632,13,3,9,8,0
784,23,Travel_Rarely,2019,Research & Development,1,Medical,Male,79,3,Single,3505,18,3,2,2,0
785,47,Travel_Frequently,2023,Sales,2,Life Sciences,Female,77,3,Single,6397,12,3,8,5,1
786,34,Travel_Rarely,2022,Sales,3,Other,Male,60,4,Single,6274,22,4,6,6,0
787,55,Travel_Rarely,2022,Research & Development,3,Medical,Male,78,1,Married,19859,13,3,24,5,1
789,36,Non-Travel,2022,Sales,4,Life Sciences,Male,76,1,Single,7587,15,3,10,10,0
791,52,Non-Travel,2019,Research & Development,4,Medical,Male,41,4,Married,4258,18,3,5,4,0
792,26,Travel_Frequently,2021,Research & Development,2,Life Sciences,Female,71,4,Divorced,4364,14,3,5,2,0
793,29,Travel_Rarely,2019,Research & Development,3,Medical,Female,66,3,Married,4335,12,3,11,8,0
796,26,Travel_Rarely,2021,Sales,3,Technical Degree,Male,38,1,Single,5326,17,3,6,4,1
797,34,Travel_Rarely,2019,Research & Development,4,Life Sciences,Female,72,4,Single,3280,16,3,10,4,0
799,54,Travel_Rarely,2019,Research & Development,4,Medical,Female,95,1,Divorced,5485,11,3,9,5,0
800,27,Travel_Frequently,2019,Sales,1,Marketing,Male,84,4,Married,4342,19,3,5,4,0
802,37,Travel_Rarely,2022,Research & Development,1,Life Sciences,Female,82,1,Divorced,2782,13,3,6,5,0
803,38,Travel_Frequently,2023,Research & Development,4,Life Sciences,Female,75,1,Single,5980,12,3,17,15,0
804,34,Travel_Rarely,2020,Research & Development,4,Medical,Female,86,1,Single,4381,11,3,6,6,0
805,35,Travel_Rarely,2022,Sales,4,Life Sciences,Female,72,4,Married,2572,16,3,3,3,0
806,30,Travel_Rarely,2021,Research & Development,3,Life Sciences,Male,38,3,Married,3833,21,4,7,2,0
807,40,Travel_Frequently,2020,Research & Development,2,Medical,Female,38,2,Married,4244,24,4,8,8,0
808,34,Travel_Rarely,2019,Sales,2,Life Sciences,Female,93,1,Married,6500,17,3,6,3,0
809,42,Travel_Frequently,2019,Research & Development,3,Life Sciences,Male,66,4,Divorced,18430,13,3,24,24,0
811,23,Travel_Rarely,2021,Research & Development,3,Life Sciences,Male,63,1,Married,1601,21,4,1,0,1
812,24,Non-Travel,2022,Research & Development,3,Life Sciences,Male,60,2,Divorced,2694,11,3,1,1,0
813,52,Travel_Rarely,2020,Research & Development,4,Life Sciences,Female,82,3,Married,3149,20,4,9,5,0
815,50,Travel_Rarely,2020,Research & Development,3,Medical,Male,64,3,Married,17639,16,3,30,4,0
816,29,Travel_Rarely,2022,Research & Development,2,Life Sciences,Female,36,1,Married,2319,11,3,1,1,1
817,33,Travel_Rarely,2018,Research & Development,3,Medical,Male,49,3,Married,11691,11,3,14,13,0
819,33,Travel_Rarely,2020,Sales,3,Marketing,Female,69,1,Single,5324,15,3,6,3,1
820,47,Travel_Rarely,2020,Research & Development,2,Other,Female,33,4,Married,16752,11,3,26,26,0
823,36,Travel_Rarely,2020,Research & Development,3,Other,Female,35,2,Married,5228,15,3,10,9,0
824,29,Travel_Rarely,2022,Research & Development,2,Life Sciences,Male,81,3,Married,2700,24,4,10,10,0
825,58,Travel_Rarely,2023,Research & Development,4,Life Sciences,Male,31,2,Single,19246,12,3,40,31,1
826,35,Travel_Rarely,2020,Research & Development,4,Life Sciences,Female,40,3,Single,2506,13,3,7,2,0
827,42,Travel_Rarely,2022,Research & Development,2,Life Sciences,Female,43,4,Married,6062,13,3,8,4,0
828,28,Travel_Rarely,2018,Research & Development,4,Medical,Male,46,3,Single,4382,17,3,5,2,1
829,36,Travel_Rarely,2018,Human Resources,3,Human Resources,Male,36,2,Married,2143,13,3,8,5,0
830,32,Travel_Rarely,2023,Research & Development,3,Life Sciences,Female,98,3,Married,6162,12,3,14,14,0
832,40,Travel_Frequently,2022,Research & Development,4,Medical,Male,51,3,Single,5094,14,3,10,1,0
833,30,Travel_Rarely,2020,Research & Development,3,Medical,Female,52,4,Single,6877,24,4,12,0,0
834,45,Travel_Rarely,2019,Research & Development,3,Life Sciences,Female,95,3,Single,2274,14,3,1,1,0
836,42,Travel_Rarely,2020,Research & Development,3,Life Sciences,Male,98,2,Married,4434,13,3,10,9,0
837,38,Travel_Frequently,2019,Research & Development,3,Life Sciences,Male,45,1,Divorced,6288,15,3,13,4,0
838,34,Travel_Frequently,2021,Research & Development,4,Life Sciences,Female,100,4,Single,2553,16,3,6,5,0
840,49,Travel_Rarely,2022,Sales,3,Marketing,Female,43,4,Married,7654,18,3,9,9,1
842,55,Travel_Rarely,2023,Sales,1,Medical,Male,37,4,Single,5160,16,3,12,9,1
843,43,Travel_Rarely,2019,Research & Development,2,Life Sciences,Male,94,1,Married,17159,24,4,22,4,0
844,27,Travel_Rarely,2020,Research & Development,1,Technical Degree,Male,42,4,Divorced,12808,16,3,9,9,0
845,35,Travel_Rarely,2021,Research & Development,3,Other,Male,59,3,Single,10221,21,4,17,8,0
846,28,Travel_Rarely,2020,Sales,4,Marketing,Female,81,2,Married,4779,20,4,8,8,0
847,34,Travel_Rarely,2023,Human Resources,2,Human Resources,Male,88,4,Married,3737,19,3,4,3,0
848,26,Travel_Frequently,2019,Research & Development,2,Medical,Female,88,3,Married,2366,14,3,8,8,1
850,27,Non-Travel,2019,Research & Development,3,Medical,Male,50,4,Married,1706,11,3,0,0,0
851,51,Travel_Rarely,2019,Sales,4,Marketing,Female,66,3,Married,16307,14,3,29,20,0
852,44,Travel_Rarely,2022,Research & Development,3,Medical,Male,50,2,Single,5933,12,3,10,5,0
854,25,Travel_Rarely,2022,Research & Development,1,Medical,Male,65,1,Single,3424,13,3,6,4,0
855,33,Travel_Rarely,2020,Sales,3,Medical,Male,48,1,Divorced,4037,22,4,9,9,0
856,35,Travel_Rarely,2020,Research & Development,1,Medical,Female,53,1,Single,2559,11,3,6,6,0
857,36,Travel_Rarely,2022,Sales,2,Life Sciences,Male,56,4,Married,6201,14,3,18,18,0
859,32,Travel_Rarely,2021,Sales,4,Life Sciences,Male,73,4,Divorced,4403,11,3,8,5,0
861,30,Travel_Frequently,2019,Research & Development,4,Life Sciences,Male,75,4,Divorced,3761,12,3,10,5,0
862,53,Travel_Rarely,2019,Sales,2,Marketing,Female,78,4,Married,10934,18,3,35,5,0
864,45,Travel_Rarely,2020,Sales,3,Marketing,Male,74,1,Divorced,10761,12,3,18,5,0
865,32,Travel_Rarely,2022,Research & Development,2,Medical,Female,91,3,Married,5175,12,3,9,5,0
867,52,Travel_Frequently,2021,Research & Development,4,Medical,Female,81,4,Married,13826,22,4,31,9,0
868,37,Travel_Rarely,2019,Sales,4,Marketing,Male,66,3,Divorced,6334,19,3,9,1,0
869,28,Travel_Rarely,2023,Human Resources,2,Medical,Male,63,4,Divorced,4936,13,3,6,5,0
872,22,Travel_Rarely,2018,Research & Development,2,Life Sciences,Male,33,4,Married,4775,22,4,4,2,0
874,44,Travel_Rarely,2021,Research & Development,4,Life Sciences,Male,62,4,Married,2818,24,4,10,3,0
875,42,Travel_Frequently,2023,Research & Development,1,Medical,Male,35,4,Single,2515,14,3,8,2,0
878,36,Travel_Rarely,2022,Human Resources,3,Life Sciences,Male,77,1,Married,2342,21,4,6,5,0
879,25,Travel_Rarely,2023,Sales,1,Other,Male,98,1,Married,4194,18,3,5,5,0
880,35,Travel_Rarely,2018,Research & Development,3,Life Sciences,Female,66,3,Married,10685,20,4,17,17,0
881,35,Travel_Frequently,2022,Research & Development,4,Life Sciences,Female,96,2,Divorced,2022,19,3,10,10,1
882,32,Non-Travel,2019,Research & Development,3,Life Sciences,Male,61,4,Divorced,2314,12,3,4,3,0
885,25,Travel_Rarely,2021,Sales,1,Marketing,Male,87,1,Married,4256,12,3,5,5,0
887,49,Travel_Rarely,2022,Research & Development,3,Technical Degree,Female,36,1,Married,3580,16,3,7,4,0
888,24,Non-Travel,2018,Research & Development,1,Life Sciences,Male,46,4,Married,3162,17,3,6,5,0
889,32,Travel_Frequently,2021,Sales,2,Life Sciences,Male,48,2,Married,6524,14,3,10,10,0
893,38,Travel_Rarely,2020,Sales,3,Marketing,Male,98,2,Married,2899,19,3,3,2,0
894,42,Travel_Rarely,2021,Research & Development,3,Life Sciences,Female,95,4,Married,5231,13,3,17,5,0
895,31,Travel_Rarely,2018,Research & Development,4,Life Sciences,Male,48,4,Married,2356,19,3,8,6,0
896,29,Travel_Rarely,2018,Sales,3,Medical,Female,48,3,Divorced,2800,19,3,5,3,1
897,53,Travel_Rarely,2019,Sales,3,Marketing,Male,73,4,Married,11836,14,3,28,2,0
899,35,Travel_Rarely,2018,Research & Development,3,Technical Degree,Male,78,2,Married,10903,16,3,16,13,0
900,37,Travel_Frequently,2019,Sales,2,Medical,Female,54,4,Married,2973,15,3,10,5,0
901,53,Travel_Rarely,2021,Research & Development,4,Life Sciences,Female,72,4,Single,14275,18,3,33,12,0
902,43,Travel_Frequently,2022,Research & Development,3,Life Sciences,Female,33,4,Married,5562,13,3,12,5,0
903,47,Travel_Rarely,2020,Sales,2,Marketing,Female,35,4,Married,4537,22,4,8,7,0
904,37,Non-Travel,2019,Sales,2,Medical,Male,32,2,Single,7642,13,3,10,10,0
905,50,Non-Travel,2020,Research & Development,4,Life Sciences,Male,98,1,Divorced,17924,11,3,31,31,0
909,39,Travel_Rarely,2021,Human Resources,3,Life Sciences,Female,42,4,Married,5204,11,3,13,5,0
910,33,Travel_Rarely,2020,Human Resources,2,Human Resources,Male,57,2,Divorced,2277,11,3,7,4,0
911,32,Travel_Rarely,2022,Research & Development,4,Life Sciences,Male,87,4,Single,2795,24,4,1,1,1
912,29,Travel_Rarely,2021,Research & Development,1,Medical,Female,62,4,Divorced,2532,14,3,8,4,0
913,44,Travel_Rarely,2023,Research & Development,2,Life Sciences,Male,61,1,Married,2559,13,3,8,8,0
916,28,Travel_Rarely,2023,Sales,4,Medical,Male,98,4,Single,4908,14,3,4,4,0
918,58,Travel_Frequently,2022,Research & Development,1,Life Sciences,Male,57,4,Divorced,2380,14,3,3,1,1
920,43,Travel_Rarely,2022,Research & Development,3,Life Sciences,Female,55,2,Divorced,4765,21,4,4,1,0
922,20,Travel_Rarely,2022,Sales,3,Medical,Female,49,3,Single,2044,13,3,2,2,1
923,21,Travel_Rarely,2020,Research & Development,1,Other,Female,65,4,Single,2693,19,3,1,1,1
924,36,Travel_Rarely,2023,Research & Development,1,Life Sciences,Male,68,4,Married,6586,17,3,17,16,0
925,47,Travel_Rarely,2023,Sales,4,Life Sciences,Female,65,4,Single,3294,18,3,3,3,0
926,22,Travel_Rarely,2018,Research & Development,1,Life Sciences,Female,34,3,Married,4171,19,3,4,3,1
927,41,Travel_Rarely,2022,Research & Development,4,Life Sciences,Female,57,4,Divorced,2778,13,3,10,7,1
930,28,Travel_Rarely,2022,Research & Development,3,Medical,Female,77,3,Divorced,2377,18,3,6,2,0
932,39,Travel_Rarely,2023,Research & Development,3,Medical,Male,70,1,Married,2404,21,4,8,2,1
933,27,Travel_Rarely,2023,Research & Development,3,Life Sciences,Female,76,3,Single,2318,19,3,1,1,0
934,34,Travel_Rarely,2022,Research & Development,3,Life Sciences,Male,83,2,Divorced,2008,14,3,1,1,0
936,42,Travel_Rarely,2023,Sales,2,Medical,Female,68,3,Single,6244,17,3,10,5,0
939,33,Travel_Rarely,2019,Research & Development,4,Other,Male,100,1,Single,2799,11,3,6,3,0
940,58,Travel_Rarely,2022,Research & Development,3,Technical Degree,Female,37,2,Divorced,10552,13,3,24,6,0
941,31,Travel_Rarely,2020,Sales,4,Life Sciences,Male,41,3,Married,2329,15,3,13,7,0
942,35,Travel_Rarely,2021,Research & Development,1,Life Sciences,Female,51,4,Married,4014,25,4,10,10,0
944,49,Travel_Rarely,2019,Research & Development,2,Other,Female,51,2,Married,7403,11,3,29,26,0
945,48,Travel_Rarely,2021,Research & Development,4,Medical,Male,51,3,Married,2259,17,3,13,0,0
947,31,Non-Travel,2019,Sales,2,Marketing,Female,45,3,Married,6932,13,3,9,9,0
949,36,Travel_Rarely,2020,Research & Development,4,Other,Male,65,4,Single,4678,18,3,8,6,0
950,38,Travel_Rarely,2021,Research & Development,3,Technical Degree,Female,80,1,Married,13582,13,3,15,15,0
951,32,Non-Travel,2020,Research & Development,3,Life Sciences,Female,70,2,Married,2332,20,4,5,3,0
952,25,Travel_Rarely,2019,Sales,2,Marketing,Male,36,2,Married,2413,18,3,1,1,1
954,40,Travel_Rarely,2022,Sales,4,Marketing,Male,67,2,Divorced,9705,12,3,11,1,0
956,26,Travel_Frequently,2022,Sales,3,Medical,Male,52,1,Single,4294,12,3,7,7,0
957,41,Travel_Rarely,2019,Research & Development,3,Medical,Male,59,1,Single,4721,13,3,20,18,0
958,36,Travel_Rarely,2022,Research & Development,4,Medical,Male,79,3,Single,2519,21,4,16,11,0
959,19,Travel_Rarely,2022,Sales,3,Other,Male,37,2,Single,2121,13,3,1,1,1
960,20,Travel_Rarely,2020,Research & Development,3,Technical Degree,Male,84,1,Single,2973,19,3,1,1,1
961,31,Travel_Rarely,2019,Research & Development,3,Medical,Female,41,4,Married,5855,11,3,10,9,0
964,40,Travel_Frequently,2019,Research & Development,4,Medical,Male,35,2,Divorced,3617,14,3,3,1,0
966,32,Travel_Rarely,2019,Research & Development,4,Medical,Female,93,1,Married,6725,12,3,8,8,0
967,36,Travel_Rarely,2019,Sales,1,Life Sciences,Male,51,4,Married,10325,11,3,16,16,1
969,33,Travel_Rarely,2019,Research & Development,3,Life Sciences,Female,42,4,Single,6949,14,3,6,5,0
970,37,Travel_Rarely,2020,Sales,4,Life Sciences,Male,46,3,Married,10609,11,3,17,14,1
972,45,Non-Travel,2021,Research & Development,2,Life Sciences,Male,57,2,Married,4447,12,3,9,9,0
974,29,Travel_Frequently,2021,Sales,3,Technical Degree,Female,84,4,Married,2157,15,3,3,3,0
975,35,Travel_Rarely,2022,Sales,3,Medical,Female,86,3,Married,4601,16,3,5,5,0
976,52,Travel_Rarely,2019,Research & Development,2,Life Sciences,Male,70,4,Married,17099,15,3,26,9,0
977,58,Travel_Rarely,2021,Research & Development,3,Technical Degree,Male,51,3,Single,2479,24,4,7,1,1
981,53,Travel_Rarely,2018,Sales,2,Medical,Male,45,3,Divorced,14852,13,3,22,17,0
982,30,Travel_Rarely,2019,Sales,2,Other,Male,62,3,Divorced,7264,11,3,10,8,0
983,38,Non-Travel,2023,Sales,3,Technical Degree,Female,85,4,Single,5666,13,3,6,5,0
984,35,Travel_Rarely,2019,Sales,4,Life Sciences,Male,92,4,Divorced,7823,13,3,12,10,0
985,39,Travel_Rarely,2020,Sales,5,Life Sciences,Male,41,3,Single,7880,18,3,9,8,0
986,40,Non-Travel,2019,Sales,3,Life Sciences,Female,100,2,Single,13194,16,3,22,1,1
987,47,Travel_Frequently,2021,Research & Development,4,Medical,Male,64,3,Divorced,5067,19,3,20,19,0
990,36,Non-Travel,2022,Sales,4,Technical Degree,Male,84,4,Divorced,5079,13,3,12,7,0
991,31,Non-Travel,2021,Research & Development,2,Medical,Male,46,1,Single,2321,22,4,4,3,1
992,33,Non-Travel,2021,Sales,3,Life Sciences,Male,38,3,Single,17444,11,3,10,10,0
994,29,Travel_Rarely,2023,Research & Development,3,Life Sciences,Female,92,1,Single,2404,20,4,3,0,1
995,33,Travel_Rarely,2019,Research & Development,1,Life Sciences,Female,53,4,Single,3452,18,3,5,3,0
996,45,Travel_Rarely,2019,Research & Development,4,Medical,Female,91,4,Divorced,2270,14,3,8,5,0
997,50,Travel_Rarely,2018,Research & Development,2,Medical,Male,66,4,Divorced,17399,22,4,32,5,0
998,33,Travel_Frequently,2021,Research & Development,4,Other,Female,84,2,Married,5488,13,3,6,6,0
999,41,Travel_Frequently,2021,Research & Development,3,Medical,Male,64,3,Divorced,19419,17,3,21,18,0
1001,27,Travel_Rarely,2023,Research & Development,4,Technical Degree,Female,37,2,Married,2811,14,3,4,2,0
1002,45,Non-Travel,2018,Research & Development,2,Life Sciences,Male,42,1,Married,3633,15,3,9,9,0
1003,47,Travel_Rarely,2019,Sales,2,Life Sciences,Female,83,4,Single,4163,17,3,9,9,0
1004,30,Travel_Rarely,2020,Research & Development,3,Life Sciences,Female,48,3,Married,2132,11,3,7,5,1
1005,50,Travel_Rarely,2023,Research & Development,3,Life Sciences,Male,95,3,Married,13973,18,3,22,12,0
1006,38,Travel_Frequently,2019,Research & Development,1,Medical,Male,66,3,Married,2684,17,3,3,2,0
1007,46,Travel_Rarely,2019,Research & Development,2,Medical,Male,75,3,Divorced,10845,13,3,13,8,0
1009,24,Travel_Rarely,2022,Research & Development,1,Medical,Female,41,3,Divorced,4377,15,3,5,4,0
1010,35,Travel_Rarely,2020,Research & Development,4,Other,Male,39,2,Divorced,3743,24,4,5,4,1
1011,31,Travel_Frequently,2022,Research & Development,1,Life Sciences,Female,96,1,Married,4148,12,3,4,4,0
1012,18,Non-Travel,2023,Research & Development,2,Life Sciences,Male,73,4,Single,1051,15,3,0,0,0
1013,54,Travel_Rarely,2020,Research & Development,3,Technical Degree,Female,56,3,Married,10739,11,3,22,10,0
1014,35,Travel_Rarely,2021,Research & Development,4,Medical,Female,57,3,Divorced,10388,11,3,16,16,0
1015,30,Travel_Rarely,2018,Research & Development,2,Life Sciences,Female,73,1,Married,11416,12,3,9,8,0
1016,20,Travel_Rarely,2019,Research & Development,3,Medical,Female,98,1,Single,2600,15,3,1,1,1
1017,30,Travel_Frequently,2019,Research & Development,3,Medical,Female,60,2,Single,2422,17,3,4,3,1
1018,26,Travel_Rarely,2018,Research & Development,2,Medical,Male,32,4,Married,5472,12,3,8,8,0
1019,22,Travel_Rarely,2023,Research & Development,1,Life Sciences,Male,94,1,Married,2451,15,3,4,4,0
1022,48,Travel_Rarely,2022,Research & Development,3,Life Sciences,Male,97,3,Single,4240,13,3,19,2,0
1024,48,Travel_Rarely,2020,Research & Development,4,Life Sciences,Male,78,3,Single,10999,14,3,27,15,0
1025,41,Travel_Rarely,2022,Research & Development,2,Medical,Female,42,3,Single,5003,14,3,8,2,0
1026,39,Travel_Rarely,2022,Research & Development,1,Life Sciences,Female,65,4,Married,12742,16,3,21,21,0
1027,27,Travel_Rarely,2019,Research & Development,4,Life Sciences,Female,47,4,Married,4227,18,3,4,3,0
1028,35,Travel_Rarely,2021,Research & Development,3,Other,Male,45,4,Divorced,3917,20,4,3,3,0
1029,42,Travel_Rarely,2022,Sales,2,Marketing,Male,90,3,Married,18303,13,3,21,1,0
1030,50,Travel_Rarely,2021,Research & Development,3,Life Sciences,Male,64,4,Married,2380,18,3,8,1,0
1032,59,Travel_Rarely,2023,Research & Development,3,Life Sciences,Female,69,4,Single,13726,13,3,30,5,0
1033,37,Travel_Rarely,2020,Research & Development,2,Medical,Female,61,2,Married,4777,15,3,15,1,1
1034,55,Travel_Frequently,2023,Research & Development,4,Medical,Male,62,2,Married,6385,14,3,17,8,0
1035,41,Non-Travel,2022,Research & Development,1,Life Sciences,Female,55,3,Divorced,19973,22,4,21,21,0
1036,38,Travel_Rarely,2021,Sales,4,Life Sciences,Male,42,4,Single,6861,12,3,19,1,0
1037,26,Non-Travel,2020,Sales,2,Medical,Male,79,1,Single,4969,18,3,7,2,1
1038,52,Travel_Rarely,2020,Sales,1,Marketing,Female,57,4,Married,19845,15,3,33,32,1
1039,44,Travel_Rarely,2018,Sales,3,Medical,Female,53,4,Married,13320,18,3,23,12,0
1040,50,Non-Travel,2022,Sales,3,Life Sciences,Female,95,3,Married,6347,12,3,19,18,0
1042,36,Travel_Rarely,2020,Research & Development,4,Life Sciences,Female,43,1,Single,2743,16,3,18,17,1
1043,39,Travel_Frequently,2021,Research & Development,3,Medical,Female,82,1,Single,10880,13,3,21,21,0
1044,33,Non-Travel,2022,Sales,1,Life Sciences,Female,88,4,Single,2342,19,3,3,2,0
1045,45,Travel_Rarely,2020,Sales,2,Life Sciences,Female,90,4,Married,17650,13,3,26,9,0
1046,32,Non-Travel,2021,Research & Development,4,Medical,Female,69,3,Single,4025,12,3,10,8,0
1047,34,Travel_Rarely,2020,Sales,4,Marketing,Male,75,4,Divorced,9725,11,3,16,15,0
1048,59,Travel_Rarely,2022,Sales,2,Technical Degree,Male,66,4,Married,11904,14,3,14,6,0
1049,45,Travel_Rarely,2022,Human Resources,4,Medical,Male,36,2,Single,2177,16,3,6,6,0
1050,53,Travel_Frequently,2018,Sales,3,Marketing,Female,38,2,Married,7525,12,3,30,15,0
1052,36,Travel_Rarely,2021,Research & Development,3,Other,Male,81,3,Divorced,4834,14,3,9,1,1
1053,26,Travel_Frequently,2021,Research & Development,3,Life Sciences,Male,57,1,Married,2042,14,3,6,3,1
1055,34,Travel_Rarely,2020,Sales,4,Life Sciences,Female,87,3,Married,2220,19,3,1,1,0
1056,28,Travel_Rarely,2020,Sales,1,Medical,Male,74,2,Married,1052,22,4,1,1,0
1060,38,Travel_Frequently,2020,Research & Development,4,Other,Male,44,3,Married,2821,16,3,8,2,0
1061,50,Travel_Rarely,2019,Research & Development,4,Medical,Male,62,3,Married,19237,11,3,29,8,0
1062,37,Travel_Rarely,2022,Research & Development,3,Other,Female,35,2,Single,4107,15,3,8,4,0
1066,40,Travel_Rarely,2020,Sales,3,Marketing,Male,74,1,Married,8396,14,3,8,7,0
1068,26,Travel_Frequently,2019,Research & Development,1,Medical,Female,66,3,Divorced,2007,13,3,5,5,0
1069,46,Travel_Rarely,2019,Research & Development,4,Medical,Male,40,4,Divorced,19627,17,3,23,2,0
1070,54,Travel_Rarely,2019,Sales,4,Life Sciences,Female,41,3,Married,10686,11,3,13,9,0
1071,56,Travel_Frequently,2020,Research & Development,3,Medical,Female,63,3,Married,2942,19,3,18,5,0
1073,36,Travel_Rarely,2019,Research & Development,5,Medical,Female,51,4,Single,8858,11,3,15,14,0
1074,55,Non-Travel,2020,Research & Development,1,Medical,Male,40,1,Single,16756,15,3,31,9,0
1076,43,Travel_Rarely,2022,Sales,3,Medical,Male,79,4,Divorced,10798,13,3,18,1,0
1077,20,Travel_Frequently,2022,Sales,3,Marketing,Female,54,4,Single,2323,14,3,2,2,1
1079,21,Travel_Rarely,2022,Research & Development,3,Life Sciences,Female,36,1,Single,1416,13,3,1,1,1
1080,46,Travel_Rarely,2018,Research & Development,4,Life Sciences,Female,74,1,Divorced,4615,23,4,19,16,0
1081,51,Travel_Rarely,2022,Research & Development,4,Life Sciences,Male,34,3,Married,2461,12,3,18,10,1
1082,28,Non-Travel,2020,Research & Development,2,Technical Degree,Male,72,1,Single,8722,12,3,10,10,1
1083,26,Travel_Rarely,2018,Research & Development,2,Medical,Male,59,1,Married,3955,16,3,6,5,0
1084,30,Travel_Rarely,2019,Research & Development,3,Other,Male,85,1,Married,9957,15,3,7,6,0
1085,41,Travel_Rarely,2019,Research & Development,2,Technical Degree,Female,43,3,Married,3376,13,3,10,10,0
1088,38,Travel_Rarely,2023,Research & Development,1,Life Sciences,Female,65,3,Married,8823,18,3,20,19,0
1092,40,Travel_Rarely,2020,Research & Development,4,Technical Degree,Male,61,4,Married,10322,20,4,14,11,0
1094,27,Non-Travel,2018,Research & Development,5,Life Sciences,Male,87,3,Married,4621,19,3,3,3,0
1096,55,Travel_Frequently,2020,Research & Development,1,Life Sciences,Male,65,2,Married,10976,18,3,23,3,0
1097,28,Travel_Rarely,2020,Research & Development,3,Other,Female,59,3,Single,3660,13,3,10,8,0
1098,44,Travel_Rarely,2022,Human Resources,2,Medical,Male,91,1,Married,10482,14,3,24,20,1
1099,33,Travel_Rarely,2020,Research & Development,3,Life Sciences,Male,34,4,Divorced,7119,15,3,9,3,0
1100,35,Travel_Rarely,2023,Sales,3,Technical Degree,Male,86,1,Single,9582,22,4,9,8,1
1101,33,Travel_Frequently,2019,Research & Development,4,Medical,Female,54,3,Single,4508,22,4,14,13,1
1102,28,Travel_Rarely,2018,Research & Development,2,Life Sciences,Male,50,3,Divorced,2207,16,3,4,4,0
1103,34,Travel_Frequently,2020,Research & Development,1,Life Sciences,Male,45,4,Single,7756,17,3,7,6,0
1105,37,Travel_Rarely,2018,Sales,4,Life Sciences,Female,88,4,Divorced,6694,14,3,8,1,0
1106,25,Travel_Rarely,2022,Research & Development,1,Technical Degree,Male,32,4,Married,3691,15,3,7,7,1
1107,26,Travel_Rarely,2020,Research & Development,3,Medical,Male,37,3,Divorced,2377,20,4,1,1,1
1108,33,Travel_Rarely,2021,Research & Development,3,Medical,Male,55,2,Single,2313,20,4,5,2,1
1109,42,Travel_Rarely,2021,Research & Development,2,Medical,Male,35,1,Married,17665,17,3,23,22,0
1111,28,Travel_Frequently,2023,Research & Development,3,Medical,Male,45,2,Divorced,2596,15,3,1,1,1
1113,50,Travel_Frequently,2023,Sales,4,Other,Male,81,3,Single,4728,14,3,5,0,1
1114,33,Travel_Frequently,2019,Sales,3,Life Sciences,Female,30,2,Married,4302,17,3,4,3,0
1115,34,Non-Travel,2021,Research & Development,4,Life Sciences,Male,40,4,Married,2979,17,3,6,0,0
1116,48,Non-Travel,2020,Research & Development,4,Medical,Male,35,4,Single,16885,22,4,27,5,0
1117,45,Non-Travel,2022,Sales,4,Life Sciences,Female,65,3,Married,5593,13,3,15,15,0
1118,52,Travel_Rarely,2020,Research & Development,4,Life Sciences,Male,87,2,Single,10445,19,3,18,8,0
1119,38,Travel_Rarely,2020,Sales,4,Marketing,Male,73,3,Divorced,8740,14,3,9,8,0
1120,29,Travel_Rarely,2022,Research & Development,4,Life Sciences,Female,93,4,Divorced,2514,22,4,11,7,0
1121,28,Travel_Rarely,2019,Research & Development,3,Medical,Female,93,2,Divorced,7655,17,3,10,9,0
1124,46,Travel_Rarely,2020,Sales,1,Marketing,Male,52,3,Married,17465,12,3,23,12,0
1125,38,Travel_Rarely,2018,Sales,2,Marketing,Male,32,2,Single,7351,16,3,10,1,0
1126,43,Travel_Frequently,2021,Research & Development,3,Life Sciences,Female,83,1,Married,10820,11,3,18,8,0
1127,39,Travel_Frequently,2020,Research & Development,3,Life Sciences,Male,84,4,Divorced,12169,11,3,21,18,1
1128,40,Travel_Rarely,2022,Research & Development,3,Medical,Male,44,3,Single,19626,14,3,21,20,0
1131,21,Travel_Rarely,2020,Research & Development,1,Technical Degree,Female,70,2,Single,2070,11,3,2,2,0
1132,39,Non-Travel,2019,Research & Development,3,Life Sciences,Male,70,2,Single,6782,15,3,9,5,0
1133,36,Non-Travel,2023,Research & Development,4,Life Sciences,Male,78,4,Single,7779,20,4,18,11,0
1135,31,Travel_Frequently,2020,Sales,3,Life Sciences,Male,67,4,Married,2791,12,3,3,2,0
1136,28,Travel_Rarely,2022,Research & Development,1,Life Sciences,Male,67,2,Married,3201,17,3,6,5,0
1137,35,Travel_Frequently,2019,Sales,2,Marketing,Male,54,4,Divorced,4968,11,3,5,5,0
1138,49,Travel_Rarely,2018,Sales,4,Technical Degree,Male,56,2,Married,13120,17,3,22,9,0
1140,34,Travel_Frequently,2019,Research & Development,2,Life Sciences,Male,95,3,Single,4033,11,3,5,3,0
1143,29,Travel_Frequently,2021,Research & Development,3,Life Sciences,Female,61,2,Divorced,3291,14,3,8,7,0
1148,42,Travel_Rarely,2019,Research & Development,3,Medical,Male,56,4,Single,4272,19,3,16,1,0
1150,29,Travel_Rarely,2018,Research & Development,1,Medical,Male,79,4,Married,5056,15,3,10,10,0
1152,38,Travel_Rarely,2018,Human Resources,3,Human Resources,Male,37,3,Married,2844,13,3,7,7,0
1154,28,Travel_Frequently,2022,Research & Development,3,Life Sciences,Male,39,3,Divorced,2703,14,3,3,3,0
1156,18,Non-Travel,2020,Research & Development,1,Medical,Male,80,3,Single,1904,12,3,0,0,1
1157,33,Travel_Rarely,2020,Sales,4,Marketing,Female,77,1,Single,8224,17,3,6,5,1
1158,41,Travel_Rarely,2019,Research & Development,4,Life Sciences,Male,46,4,Married,4766,11,3,6,1,0
1160,31,Travel_Frequently,2020,Research & Development,3,Medical,Male,72,3,Married,2610,12,3,2,2,1
1161,37,Travel_Rarely,2021,Research & Development,2,Medical,Female,52,4,Divorced,5731,13,3,9,6,0
1162,27,Travel_Rarely,2022,Research & Development,3,Life Sciences,Male,55,3,Married,2539,13,3,4,4,0
1163,34,Travel_Rarely,2022,Sales,1,Life Sciences,Female,70,3,Married,5714,20,4,6,6,0
1164,35,Travel_Rarely,2018,Human Resources,4,Technical Degree,Male,100,3,Single,4323,17,3,6,5,0
1165,29,Travel_Rarely,2019,Sales,1,Life Sciences,Female,45,1,Married,7336,13,3,11,11,1
1166,40,Travel_Frequently,2021,Research & Development,4,Medical,Female,88,3,Single,13499,17,3,20,18,0
1167,42,Travel_Frequently,2022,Sales,3,Life Sciences,Male,44,1,Single,13758,12,3,22,21,1
1171,42,Travel_Rarely,2019,Sales,4,Marketing,Male,45,1,Single,5155,13,3,9,6,0
1172,35,Travel_Rarely,2022,Research & Development,4,Medical,Male,58,3,Married,2258,12,3,10,8,0
1173,24,Travel_Rarely,2021,Research & Development,3,Medical,Male,49,2,Single,3597,22,4,6,4,0
1175,28,Travel_Rarely,2020,Research & Development,1,Life Sciences,Female,79,4,Married,2515,11,3,1,1,1
1177,26,Travel_Rarely,2023,Research & Development,4,Medical,Male,82,4,Married,4420,22,4,8,8,0
1179,30,Travel_Rarely,2022,Sales,3,Marketing,Male,72,3,Married,6578,18,3,10,10,0
1180,40,Travel_Frequently,2019,Research & Development,2,Medical,Female,92,4,Married,4422,13,3,16,1,0
1182,35,Travel_Rarely,2020,Research & Development,3,Life Sciences,Male,44,2,Divorced,10274,18,3,15,7,0
1184,34,Travel_Frequently,2021,Research & Development,3,Medical,Male,97,1,Single,5343,20,4,14,13,0
1185,35,Travel_Frequently,2020,Research & Development,4,Other,Male,47,4,Married,2376,13,3,2,2,0
1188,43,Travel_Rarely,2022,Sales,3,Marketing,Female,85,3,Single,5346,13,3,7,4,1
1190,32,Non-Travel,2022,Sales,1,Life Sciences,Female,76,1,Divorced,2827,12,3,1,1,0
1191,56,Travel_Rarely,2019,Research & Development,4,Technical Degree,Female,92,1,Divorced,19943,13,3,28,5,0
1192,29,Travel_Rarely,2019,Research & Development,1,Medical,Female,54,4,Married,3131,13,3,10,10,0
1193,19,Travel_Rarely,2020,Research & Development,2,Life Sciences,Male,54,1,Single,2552,25,4,1,1,0
1195,45,Travel_Rarely,2021,Research & Development,3,Medical,Female,83,3,Married,4477,19,3,7,3,0
1196,37,Travel_Rarely,2022,Research & Development,3,Life Sciences,Female,56,4,Married,6474,13,3,14,14,0
1198,20,Travel_Rarely,2020,Research & Development,3,Life Sciences,Male,87,3,Single,3033,12,3,2,2,0
1200,44,Travel_Rarely,2021,Research & Development,4,Life Sciences,Male,96,3,Single,2936,11,3,6,6,1
1201,53,Travel_Rarely,2021,Research & Development,2,Medical,Female,50,3,Divorced,18606,18,3,26,7,0
1202,29,Travel_Rarely,2019,Research & Development,1,Life Sciences,Female,69,4,Married,2168,18,3,6,5,0
1203,22,Travel_Frequently,2021,Research & Development,4,Life Sciences,Male,48,4,Married,2853,11,3,1,0,1
1204,46,Travel_Rarely,2021,Sales,3,Marketing,Female,69,1,Married,17048,23,4,28,26,0
1206,44,Non-Travel,2020,Research & Development,3,Life Sciences,Male,74,3,Single,2290,13,3,6,0,0
1207,33,Travel_Rarely,2022,Human Resources,3,Human Resources,Male,99,3,Married,3600,13,3,5,5,0
1210,41,Non-Travel,2019,Research & Development,2,Life Sciences,Male,95,1,Divorced,2107,17,3,5,1,1
1211,30,Travel_Rarely,2021,Sales,4,Life Sciences,Male,61,1,Divorced,4115,19,3,8,4,0
1212,40,Travel_Frequently,2023,Sales,4,Medical,Male,62,2,Married,4327,12,3,5,0,0
1215,50,Travel_Frequently,2018,Research & Development,3,Medical,Female,30,1,Married,17856,22,4,32,2,0
1216,28,Travel_Rarely,2021,Research & Development,4,Medical,Male,78,1,Married,3196,12,3,6,6,0
1217,46,Travel_Rarely,2023,Research & Development,2,Life Sciences,Male,52,2,Married,19081,11,3,25,4,0
1218,35,Travel_Rarely,2021,Sales,4,Life Sciences,Male,94,1,Married,8966,15,3,15,7,0
1219,24,Travel_Rarely,2019,Research & Development,2,Life Sciences,Female,97,2,Married,2210,13,3,1,1,1
1220,33,Travel_Frequently,2019,Sales,3,Medical,Female,82,3,Married,4539,12,3,10,10,0
1221,36,Travel_Rarely,2023,Research & Development,4,Life Sciences,Male,60,3,Divorced,2741,14,3,7,7,0
1224,30,Travel_Rarely,2020,Research & Development,4,Life Sciences,Male,49,3,Divorced,3491,13,3,10,10,0
1225,44,Travel_Rarely,2021,Research & Development,4,Other,Male,32,4,Single,4541,25,4,20,20,0
1226,20,Travel_Rarely,2019,Sales,3,Marketing,Male,43,4,Single,2678,17,3,2,2,0
1228,46,Travel_Rarely,2021,Research & Development,4,Technical Degree,Male,60,4,Divorced,7379,11,3,12,6,0
1231,42,Non-Travel,2020,Human Resources,5,Medical,Male,79,1,Married,6272,16,3,10,4,0
1233,60,Travel_Rarely,2023,Sales,4,Marketing,Male,52,4,Divorced,5220,18,3,12,11,0
1234,32,Travel_Frequently,2021,Research & Development,3,Other,Female,77,2,Married,2743,20,4,2,2,0
1235,32,Travel_Frequently,2021,Research & Development,2,Life Sciences,Female,38,3,Single,4998,14,3,10,8,0
1237,36,Travel_Rarely,2021,Research & Development,3,Technical Degree,Female,77,1,Divorced,10252,21,4,17,7,0
1238,33,Travel_Rarely,2022,Research & Development,3,Medical,Male,60,4,Married,2781,13,3,15,14,0
1239,40,Travel_Rarely,2020,Sales,3,Technical Degree,Female,84,2,Divorced,6852,12,3,7,5,0
1240,25,Travel_Rarely,2023,Sales,4,Life Sciences,Male,57,4,Single,4950,14,3,5,4,0
1241,30,Travel_Rarely,2023,Research & Development,3,Medical,Male,63,2,Married,3579,21,4,12,11,0
1242,42,Travel_Frequently,2021,Research & Development,5,Medical,Female,60,1,Married,13191,17,3,20,1,0
1243,35,Non-Travel,2023,Sales,2,Marketing,Female,78,4,Married,10377,11,3,16,13,0
1244,27,Travel_Rarely,2021,Research & Development,3,Life Sciences,Male,42,1,Married,2235,14,3,9,9,0
1245,54,Travel_Frequently,2020,Research & Development,4,Life Sciences,Female,53,3,Divorced,10502,17,3,33,5,0
1246,44,Travel_Rarely,2019,Research & Development,1,Life Sciences,Female,72,4,Married,2011,13,3,10,10,0
1248,19,Non-Travel,2021,Research & Development,3,Medical,Female,96,2,Single,1859,25,4,1,1,1
1249,29,Travel_Rarely,2023,Research & Development,3,Life Sciences,Female,97,4,Divorced,3760,15,3,3,3,0
1250,54,Travel_Rarely,2019,Research & Development,3,Life Sciences,Male,85,4,Married,17779,14,3,36,10,0
1251,31,Travel_Rarely,2018,Research & Development,2,Medical,Male,80,1,Married,6833,12,3,6,6,0
1252,31,Travel_Rarely,2021,Research & Development,3,Medical,Female,96,1,Single,6812,19,3,10,10,0
1254,59,Travel_Rarely,2023,Sales,3,Life Sciences,Female,48,4,Single,5171,17,3,13,6,0
1255,43,Travel_Rarely,2022,Research & Development,3,Life Sciences,Male,96,4,Married,19740,14,3,25,8,0
1256,49,Travel_Rarely,2021,Research & Development,2,Medical,Male,85,3,Married,18711,13,3,23,1,0
1257,36,Travel_Frequently,2019,Research & Development,3,Technical Degree,Male,46,2,Married,3692,12,3,12,11,0
1258,48,Travel_Rarely,2020,Research & Development,2,Technical Degree,Male,76,2,Single,2559,11,3,7,1,0
1259,27,Travel_Rarely,2019,Research & Development,2,Life Sciences,Male,76,3,Divorced,2517,11,3,5,5,0
1260,29,Travel_Rarely,2020,Research & Development,3,Life Sciences,Male,82,4,Divorced,6623,11,3,6,6,0
1263,48,Travel_Rarely,2022,Research & Development,3,Life Sciences,Male,76,4,Single,18265,12,3,25,1,0
1264,29,Travel_Rarely,2022,Research & Development,3,Life Sciences,Female,87,4,Divorced,16124,14,3,9,7,0
1265,34,Travel_Rarely,2021,Research & Development,3,Technical Degree,Female,89,3,Married,2585,17,3,2,1,0
1267,44,Travel_Rarely,2023,Sales,3,Marketing,Male,88,2,Married,18213,11,3,26,22,0
1268,33,Travel_Rarely,2022,Sales,5,Marketing,Male,82,3,Divorced,8380,14,3,10,9,0
1269,19,Travel_Rarely,2020,Research & Development,3,Life Sciences,Female,57,4,Single,2994,12,3,1,1,0
1270,23,Travel_Rarely,2021,Research & Development,2,Life Sciences,Male,47,3,Married,1223,22,4,1,1,0
1273,25,Travel_Frequently,2020,Sales,1,Life Sciences,Male,73,4,Single,1118,14,3,1,1,1
1275,26,Travel_Rarely,2018,Research & Development,2,Life Sciences,Male,53,4,Single,2875,20,4,8,8,0
1277,45,Travel_Rarely,2020,Sales,3,Marketing,Female,94,2,Single,18824,16,3,26,24,1
1278,55,Non-Travel,2021,Research & Development,1,Medical,Male,37,2,Divorced,13577,15,3,34,33,0
1279,21,Travel_Frequently,2021,Research & Development,2,Life Sciences,Female,45,3,Single,2625,20,4,2,2,1
1280,46,Travel_Rarely,2021,Sales,2,Marketing,Female,33,2,Married,18789,14,3,26,11,0
1281,34,Travel_Rarely,2019,Sales,3,Marketing,Female,86,1,Single,4538,12,3,4,3,0
1282,51,Travel_Frequently,2019,Sales,3,Life Sciences,Male,83,2,Divorced,19847,24,4,31,29,0
1283,59,Travel_Rarely,2022,Research & Development,4,Medical,Male,67,4,Single,10512,12,3,25,9,0
1285,34,Travel_Frequently,2023,Research & Development,3,Medical,Female,46,2,Divorced,4444,13,3,15,11,0
1286,28,Travel_Frequently,2021,Research & Development,4,Medical,Male,44,3,Single,2154,11,3,5,4,0
1288,44,Travel_Rarely,2022,Research & Development,2,Life Sciences,Male,92,1,Divorced,19190,14,3,26,25,0
1289,34,Travel_Frequently,2019,Human Resources,3,Life Sciences,Male,56,2,Married,4490,11,3,14,10,0
1291,35,Travel_Rarely,2021,Research & Development,1,Life Sciences,Male,66,3,Married,3506,14,3,4,3,0
1292,42,Travel_Rarely,2022,Research & Development,4,Medical,Female,78,2,Married,2372,16,3,18,1,0
1293,43,Travel_Rarely,2021,Sales,4,Marketing,Female,56,4,Single,10231,14,3,23,21,0
1294,36,Travel_Rarely,2018,Research & Development,4,Life Sciences,Female,53,2,Single,5410,11,3,18,16,0
1295,44,Travel_Rarely,2020,Research & Development,3,Medical,Female,73,4,Married,7978,11,3,10,10,1
1296,28,Travel_Frequently,2020,Research & Development,3,Life Sciences,Male,52,4,Married,3867,12,3,2,2,0
1297,51,Travel_Frequently,2021,Research & Development,2,Medical,Female,40,3,Single,2838,14,3,8,7,0
1298,30,Non-Travel,2023,Research & Development,2,Medical,Female,72,3,Single,4695,18,3,10,8,0
1299,29,Travel_Rarely,2018,Research & Development,3,Technical Degree,Female,39,3,Divorced,3339,13,3,10,7,1
1301,28,Travel_Rarely,2018,Research & Development,3,Technical Degree,Male,84,1,Single,2080,11,3,5,3,0
1303,25,Travel_Rarely,2019,Research & Development,3,Medical,Female,40,2,Single,2096,18,3,2,2,0
1304,32,Travel_Rarely,2021,Sales,3,Medical,Male,56,4,Married,6209,15,3,10,10,0
1306,45,Travel_Frequently,2023,Research & Development,3,Medical,Female,83,2,Single,18061,22,4,22,0,0
1307,39,Travel_Rarely,2019,Research & Development,4,Medical,Female,94,2,Divorced,17123,13,3,21,19,0
1308,58,Travel_Rarely,2023,Research & Development,4,Life Sciences,Male,88,3,Divorced,2372,12,3,2,2,0
1309,32,Travel_Rarely,2019,Research & Development,2,Life Sciences,Male,79,3,Married,4883,18,3,10,10,1
1310,39,Travel_Rarely,2019,Research & Development,3,Medical,Male,93,1,Single,3904,13,3,6,5,1
1311,30,Travel_Rarely,2022,Research & Development,3,Technical Degree,Female,48,4,Married,4627,12,3,10,9,0
1312,36,Travel_Rarely,2020,Research & Development,4,Technical Degree,Female,63,3,Married,7094,12,3,10,7,0
1314,46,Travel_Rarely,2020,Human Resources,2,Life Sciences,Female,44,1,Single,3423,12,3,10,7,0
1315,28,Non-Travel,2021,Research & Development,3,Life Sciences,Female,55,4,Married,6674,11,3,10,9,0
1317,50,Travel_Rarely,2022,Research & Development,3,Life Sciences,Female,43,1,Married,16880,11,3,25,3,0
1318,40,Travel_Rarely,2021,Sales,4,Marketing,Male,57,2,Single,9094,12,3,9,5,1
1319,52,Travel_Rarely,2022,Sales,3,Life Sciences,Male,64,2,Single,8446,19,3,10,8,1
1321,30,Travel_Rarely,2022,Research & Development,4,Medical,Female,95,1,Married,11916,23,4,9,9,0
1322,39,Travel_Rarely,2019,Research & Development,2,Life Sciences,Male,32,3,Single,4534,11,3,9,8,0
1324,31,Non-Travel,2021,Sales,4,Life Sciences,Female,57,3,Divorced,9852,19,3,10,10,0
1329,41,Non-Travel,2019,Sales,2,Medical,Male,40,2,Single,6151,13,3,19,19,0
1331,31,Travel_Frequently,2021,Sales,3,Life Sciences,Female,54,2,Single,2302,11,3,3,3,1
1333,44,Travel_Rarely,2022,Research & Development,3,Life Sciences,Male,89,1,Married,2362,12,3,10,3,1
1334,42,Non-Travel,2023,Research & Development,1,Life Sciences,Male,37,3,Married,17861,13,3,21,20,0
1336,55,Travel_Rarely,2020,Research & Development,2,Medical,Female,58,3,Married,19187,14,3,23,19,0
1338,56,Travel_Rarely,2022,Human Resources,4,Life Sciences,Male,99,2,Single,19717,14,3,36,7,0
1340,40,Non-Travel,2019,Research & Development,2,Life Sciences,Male,74,3,Divorced,3544,16,3,6,4,0
1344,34,Travel_Rarely,2022,Research & Development,3,Life Sciences,Male,86,4,Divorced,8500,11,3,10,9,0
1346,40,Travel_Rarely,2020,Research & Development,3,Life Sciences,Male,98,4,Single,4661,13,3,9,9,0
1349,41,Travel_Frequently,2020,Sales,3,Marketing,Female,66,1,Divorced,4103,17,3,10,9,0
1350,35,Travel_Frequently,2019,Research & Development,4,Life Sciences,Male,87,3,Single,4249,11,3,9,9,0
1352,51,Travel_Rarely,2021,Human Resources,3,Life Sciences,Male,84,2,Divorced,14026,11,3,33,33,0
1355,38,Travel_Rarely,2019,Sales,2,Life Sciences,Female,31,1,Divorced,6893,15,3,11,7,0
1356,34,Travel_Rarely,2019,Sales,2,Medical,Female,66,1,Single,6125,12,3,10,10,0
1358,25,Travel_Rarely,2019,Research & Development,1,Medical,Male,67,4,Married,3669,11,3,7,3,0
1360,58,Travel_Rarely,2020,Research & Development,4,Medical,Female,53,1,Married,10008,14,3,31,10,1
1361,40,Travel_Rarely,2019,Research & Development,4,Life Sciences,Male,88,2,Married,2387,22,4,7,4,0
1362,36,Travel_Frequently,2021,Sales,3,Marketing,Female,83,1,Married,4639,16,3,17,15,0
1363,48,Travel_Rarely,2019,Research & Development,3,Life Sciences,Male,54,4,Single,7898,11,3,11,10,0
1364,27,Travel_Rarely,2021,Sales,3,Medical,Female,98,4,Married,2534,14,3,5,1,0
1367,51,Travel_Rarely,2019,Research & Development,2,Technical Degree,Female,82,2,Single,13142,16,3,29,5,0
1368,18,Non-Travel,2018,Research & Development,3,Life Sciences,Female,97,4,Single,1611,15,3,0,0,0
1369,35,Travel_Rarely,2021,Research & Development,3,Medical,Female,60,4,Married,5363,12,3,10,9,0
1371,27,Travel_Frequently,2023,Sales,1,Life Sciences,Male,43,4,Single,5071,20,4,8,6,0
1372,55,Travel_Rarely,2018,Sales,4,Marketing,Male,85,3,Single,13695,17,3,24,19,1
1373,56,Travel_Rarely,2019,Research & Development,3,Life Sciences,Male,68,2,Married,13402,12,3,33,19,0
1374,34,Non-Travel,2021,Research & Development,1,Technical Degree,Female,92,3,Divorced,2029,20,4,5,5,0
1375,40,Travel_Rarely,2021,Research & Development,1,Medical,Female,89,3,Divorced,6377,20,4,15,12,0
1377,34,Travel_Rarely,2018,Research & Development,3,Medical,Male,86,3,Married,5429,13,3,10,8,0
1379,31,Travel_Frequently,2018,Sales,3,Life Sciences,Female,90,4,Single,2785,14,3,3,1,1
1380,35,Travel_Frequently,2022,Sales,4,Marketing,Female,67,3,Married,4614,18,3,5,4,1
1382,38,Travel_Frequently,2023,Research & Development,3,Life Sciences,Male,57,3,Divorced,2610,11,3,4,4,0
1383,34,Travel_Rarely,2021,Research & Development,4,Technical Degree,Female,98,4,Single,6687,11,3,14,14,0
1387,28,Travel_Rarely,2019,Sales,3,Life Sciences,Male,48,1,Married,4724,11,3,5,5,0
1389,31,Travel_Rarely,2022,Research & Development,4,Medical,Male,98,3,Married,6179,15,3,10,10,1
1390,39,Travel_Rarely,2019,Sales,4,Life Sciences,Male,44,4,Married,6120,12,3,8,5,0
1391,51,Travel_Frequently,2019,Sales,3,Marketing,Male,52,2,Married,10596,11,3,14,4,0
1392,41,Travel_Frequently,2019,Research & Development,3,Life Sciences,Female,75,4,Divorced,5467,14,3,12,6,0
1394,37,Travel_Rarely,2022,Research & Development,1,Life Sciences,Male,54,3,Married,2996,15,3,8,6,0
1395,33,Travel_Frequently,2020,Sales,1,Life Sciences,Male,61,4,Married,9998,13,3,8,5,0
1396,32,Travel_Rarely,2020,Sales,1,Marketing,Male,36,2,Married,4078,13,3,4,3,0
1397,39,Non-Travel,2021,Research & Development,2,Life Sciences,Male,71,3,Married,10920,21,4,13,6,0
1399,25,Travel_Rarely,2018,Sales,1,Life Sciences,Male,93,3,Married,6232,11,3,6,3,0
1401,52,Travel_Frequently,2023,Research & Development,2,Medical,Female,59,3,Married,13247,11,3,24,5,0
1402,43,Travel_Rarely,2021,Research & Development,3,Medical,Female,73,3,Single,4081,14,3,20,20,0
1403,27,Travel_Rarely,2019,Sales,3,Marketing,Female,98,4,Married,5769,11,3,6,6,0
1405,27,Travel_Rarely,2019,Research & Development,4,Life Sciences,Female,51,3,Single,2394,13,3,8,8,1
1407,26,Travel_Rarely,2022,Research & Development,1,Medical,Male,36,4,Single,3904,12,3,5,4,0
1408,42,Travel_Rarely,2021,Human Resources,3,Human Resources,Female,31,1,Married,16799,14,3,21,20,0
